,origin_i,origin_msoacode,destination_j,destination_msoacode,car,OD,bus,rail,flow,lon_o,lat_o,lon_d,lat_d,cluster
1,0,E02000001,0,E02000001,19,E02000001E02000001,32,114,165,5.32482704,1.8126931,5.32482704,1.8126931,3
2,0,E02000001,1,E02000002,8,E02000001E02000002,6,59,73,5.32482704,1.8126931,5.483129146,1.898813786,3
3,0,E02000001,2,E02000003,11,E02000001E02000003,3,194,208,5.32482704,1.8126931,5.484549249,1.884001499,3
4,0,E02000001,3,E02000004,13,E02000001E02000004,5,140,158,5.32482704,1.8126931,5.510089717,1.863109344,3
5,0,E02000001,4,E02000005,18,E02000001E02000005,3,89,110,5.32482704,1.8126931,5.486670893,1.869033436,3
6,0,E02000001,5,E02000007,9,E02000001E02000007,1,90,100,5.32482704,1.8126931,5.49648734,1.865610296,3
7,0,E02000001,6,E02000008,12,E02000001E02000008,8,135,155,5.32482704,1.8126931,5.481395797,1.859110939,3
8,0,E02000001,7,E02000009,12,E02000001E02000009,3,102,117,5.32482704,1.8126931,5.469649447,1.857570909,3
9,0,E02000001,8,E02000010,10,E02000001E02000010,2,84,96,5.32482704,1.8126931,5.490642123,1.852954668,3
10,0,E02000001,9,E02000011,10,E02000001E02000011,1,112,123,5.32482704,1.8126931,5.505085305,1.851623379,3
11,0,E02000001,10,E02000012,12,E02000001E02000012,2,212,226,5.32482704,1.8126931,5.45635977,1.848932914,3
12,0,E02000001,11,E02000013,11,E02000001E02000013,2,89,102,5.32482704,1.8126931,5.472773031,1.848547214,3
13,0,E02000001,12,E02000014,15,E02000001E02000014,3,101,119,5.32482704,1.8126931,5.487854295,1.84554689,3
14,0,E02000001,13,E02000015,5,E02000001E02000015,6,54,65,5.32482704,1.8126931,5.500759643,1.84230847,3
15,0,E02000001,14,E02000016,8,E02000001E02000016,4,196,208,5.32482704,1.8126931,5.440287379,1.843168644,3
16,0,E02000001,15,E02000017,5,E02000001E02000017,3,135,143,5.32482704,1.8126931,5.448381967,1.844596728,3
17,0,E02000001,16,E02000018,6,E02000001E02000018,3,115,124,5.32482704,1.8126931,5.465529532,1.842990755,3
18,0,E02000001,17,E02000019,12,E02000001E02000019,5,99,116,5.32482704,1.8126931,5.481675603,1.832568202,3
19,0,E02000001,18,E02000020,6,E02000001E02000020,6,111,123,5.32482704,1.8126931,5.46104068,1.827415873,3
20,0,E02000001,19,E02000021,8,E02000001E02000021,7,91,106,5.32482704,1.8126931,5.495084285,1.828275191,3
21,0,E02000001,20,E02000022,4,E02000001E02000022,2,106,112,5.32482704,1.8126931,5.443837385,1.835165151,3
22,0,E02000001,21,E02000023,7,E02000001E02000023,3,51,61,5.32482704,1.8126931,5.466531931,1.831092247,3
23,0,E02000001,22,E02000024,16,E02000001E02000024,4,187,207,5.32482704,1.8126931,5.244149221,1.970006961,3
24,0,E02000001,23,E02000025,16,E02000001E02000025,3,159,178,5.32482704,1.8126931,5.259711503,1.967185585,3
25,0,E02000001,24,E02000026,7,E02000001E02000026,2,102,111,5.32482704,1.8126931,5.276826247,1.959516009,3
26,0,E02000001,25,E02000027,6,E02000001E02000027,4,81,91,5.32482704,1.8126931,5.244095165,1.955928189,3
27,0,E02000001,26,E02000028,14,E02000001E02000028,3,147,164,5.32482704,1.8126931,5.261707874,1.955099963,3
28,0,E02000001,27,E02000029,10,E02000001E02000029,3,175,188,5.32482704,1.8126931,5.272460622,1.953400035,3
29,0,E02000001,28,E02000030,29,E02000001E02000030,1,180,210,5.32482704,1.8126931,5.227359856,1.947760546,3
30,0,E02000001,29,E02000031,18,E02000001E02000031,1,198,217,5.32482704,1.8126931,5.2648443,1.942412528,3
31,0,E02000001,30,E02000032,17,E02000001E02000032,1,145,163,5.32482704,1.8126931,5.28839224,1.941544539,3
32,0,E02000001,31,E02000033,17,E02000001E02000033,6,137,160,5.32482704,1.8126931,5.282357205,1.935692999,3
33,0,E02000001,32,E02000034,13,E02000001E02000034,5,124,142,5.32482704,1.8126931,5.270717429,1.931288705,3
34,0,E02000001,33,E02000035,11,E02000001E02000035,5,227,243,5.32482704,1.8126931,5.258259784,1.930281572,3
35,0,E02000001,34,E02000036,24,E02000001E02000036,3,164,191,5.32482704,1.8126931,5.203257125,1.93009733,3
36,0,E02000001,36,E02000038,9,E02000001E02000038,9,240,258,5.32482704,1.8126931,5.278283186,1.923511445,3
37,0,E02000001,37,E02000039,15,E02000001E02000039,1,152,168,5.32482704,1.8126931,5.218131865,1.921899232,3
38,0,E02000001,38,E02000040,10,E02000001E02000040,4,102,116,5.32482704,1.8126931,5.234809912,1.924398273,3
39,0,E02000001,39,E02000041,12,E02000001E02000041,4,134,150,5.32482704,1.8126931,5.197033678,1.91930194,3
40,0,E02000001,40,E02000042,12,E02000001E02000042,5,254,271,5.32482704,1.8126931,5.262600627,1.919026302,3
41,0,E02000001,41,E02000043,17,E02000001E02000043,2,268,287,5.32482704,1.8126931,5.251586774,1.921167031,3
42,0,E02000001,42,E02000044,10,E02000001E02000044,2,121,133,5.32482704,1.8126931,5.210031848,1.915943167,3
43,0,E02000001,43,E02000045,12,E02000001E02000045,30,138,180,5.32482704,1.8126931,5.279042826,1.913238343,3
44,0,E02000001,44,E02000046,13,E02000001E02000046,1,211,225,5.32482704,1.8126931,5.255503796,1.907616289,3
45,0,E02000001,45,E02000047,25,E02000001E02000047,6,95,126,5.32482704,1.8126931,5.204424754,1.90746136,3
46,0,E02000001,46,E02000048,33,E02000001E02000048,2,232,267,5.32482704,1.8126931,5.234687817,1.9079523,3
47,0,E02000001,47,E02000049,3,E02000001E02000049,3,54,60,5.32482704,1.8126931,5.215580154,1.907140611,3
48,0,E02000001,48,E02000050,16,E02000001E02000050,13,212,241,5.32482704,1.8126931,5.267280602,1.906201529,3
49,0,E02000001,49,E02000051,31,E02000001E02000051,4,198,233,5.32482704,1.8126931,5.248204011,1.899025296,3
50,0,E02000001,50,E02000052,21,E02000001E02000052,8,311,340,5.32482704,1.8126931,5.269440499,1.896576228,3
51,0,E02000001,51,E02000053,10,E02000001E02000053,2,142,154,5.32482704,1.8126931,5.215581198,1.897341942,3
52,0,E02000001,52,E02000054,6,E02000001E02000054,3,139,148,5.32482704,1.8126931,5.22609444,1.897004196,3
53,0,E02000001,53,E02000055,14,E02000001E02000055,5,205,224,5.32482704,1.8126931,5.231482741,1.891603108,3
54,0,E02000001,54,E02000056,83,E02000001E02000056,4,246,333,5.32482704,1.8126931,5.263530179,1.885076934,3
55,0,E02000001,55,E02000057,15,E02000001E02000057,1,135,151,5.32482704,1.8126931,5.235764624,1.886250322,3
56,0,E02000001,56,E02000058,38,E02000001E02000058,3,261,302,5.32482704,1.8126931,5.251588687,1.88671719,3
57,0,E02000001,57,E02000059,6,E02000001E02000059,3,113,122,5.32482704,1.8126931,5.217909884,1.880971148,3
58,0,E02000001,58,E02000060,5,E02000001E02000060,7,147,159,5.32482704,1.8126931,5.242893938,1.882052716,3
59,0,E02000001,59,E02000061,41,E02000001E02000061,6,311,358,5.32482704,1.8126931,5.251744129,1.872106123,3
60,0,E02000001,60,E02000062,4,E02000001E02000062,5,75,84,5.32482704,1.8126931,5.233305985,1.871256029,3
61,0,E02000001,61,E02000063,8,E02000001E02000063,8,138,154,5.32482704,1.8126931,5.240846313,1.867693002,3
62,0,E02000001,62,E02000064,13,E02000001E02000064,1,112,126,5.32482704,1.8126931,5.247123523,1.861356185,3
63,0,E02000001,63,E02000065,6,E02000001E02000065,4,94,104,5.32482704,1.8126931,5.483596306,1.803923108,3
64,0,E02000001,64,E02000066,17,E02000001E02000066,2,110,129,5.32482704,1.8126931,5.480037983,1.793277145,3
65,0,E02000001,65,E02000067,11,E02000001E02000067,3,153,167,5.32482704,1.8126931,5.494672122,1.794002579,3
66,0,E02000001,66,E02000068,3,E02000001E02000068,2,119,124,5.32482704,1.8126931,5.507449565,1.788692054,3
67,0,E02000001,67,E02000069,9,E02000001E02000069,1,94,104,5.32482704,1.8126931,5.500778418,1.781797824,3
68,0,E02000001,68,E02000070,14,E02000001E02000070,6,137,157,5.32482704,1.8126931,5.482757277,1.780012633,3
69,0,E02000001,69,E02000071,16,E02000001E02000071,5,130,151,5.32482704,1.8126931,5.498368792,1.772506152,3
70,0,E02000001,70,E02000072,19,E02000001E02000072,7,126,152,5.32482704,1.8126931,5.527353961,1.769972321,3
71,0,E02000001,71,E02000073,32,E02000001E02000073,2,282,316,5.32482704,1.8126931,5.478302483,1.769249349,3
72,0,E02000001,72,E02000074,12,E02000001E02000074,2,87,101,5.32482704,1.8126931,5.513248585,1.766794314,3
73,0,E02000001,73,E02000075,20,E02000001E02000075,1,236,257,5.32482704,1.8126931,5.490010198,1.766281572,3
74,0,E02000001,74,E02000077,17,E02000001E02000077,4,199,220,5.32482704,1.8126931,5.469650887,1.764238694,3
75,0,E02000001,75,E02000078,15,E02000001E02000078,2,232,249,5.32482704,1.8126931,5.506522129,1.762827144,3
76,0,E02000001,77,E02000080,17,E02000001E02000080,7,227,251,5.32482704,1.8126931,5.463470222,1.754934971,3
77,0,E02000001,78,E02000081,14,E02000001E02000081,1,172,187,5.32482704,1.8126931,5.501457053,1.752358819,3
78,0,E02000001,79,E02000082,15,E02000001E02000082,5,237,257,5.32482704,1.8126931,5.452692123,1.753627167,3
79,0,E02000001,80,E02000083,21,E02000001E02000083,3,212,236,5.32482704,1.8126931,5.516899257,1.748813016,3
80,0,E02000001,81,E02000084,33,E02000001E02000084,6,311,350,5.32482704,1.8126931,5.47931344,1.747829871,3
81,0,E02000001,82,E02000085,26,E02000001E02000085,3,187,216,5.32482704,1.8126931,5.467482156,1.742745979,3
82,0,E02000001,83,E02000086,12,E02000001E02000086,3,215,230,5.32482704,1.8126931,5.458778567,1.737840788,3
83,0,E02000001,84,E02000087,12,E02000001E02000087,1,269,282,5.32482704,1.8126931,5.496688989,1.735481793,3
84,0,E02000001,85,E02000088,14,E02000001E02000088,4,237,255,5.32482704,1.8126931,5.476428787,1.732059426,3
85,0,E02000001,86,E02000089,20,E02000001E02000089,1,238,259,5.32482704,1.8126931,5.450835317,1.729146867,3
86,0,E02000001,88,E02000091,27,E02000001E02000091,3,285,315,5.32482704,1.8126931,5.468672614,1.717109369,3
87,0,E02000001,89,E02000092,12,E02000001E02000092,3,102,117,5.32482704,1.8126931,5.48646733,1.714668165,3
88,0,E02000001,90,E02000093,8,E02000001E02000093,5,140,153,5.32482704,1.8126931,5.196120861,1.89691191,3
89,0,E02000001,91,E02000094,4,E02000001E02000094,3,75,82,5.32482704,1.8126931,5.206660763,1.891565149,3
90,0,E02000001,92,E02000095,12,E02000001E02000095,2,129,143,5.32482704,1.8126931,5.192533761,1.886783641,3
91,0,E02000001,93,E02000096,7,E02000001E02000096,1,156,164,5.32482704,1.8126931,5.176334352,1.882099282,3
92,0,E02000001,94,E02000097,10,E02000001E02000097,7,79,96,5.32482704,1.8126931,5.203911037,1.878606285,3
93,0,E02000001,95,E02000098,6,E02000001E02000098,2,102,110,5.32482704,1.8126931,5.189797807,1.875458572,3
94,0,E02000001,96,E02000099,5,E02000001E02000099,2,145,152,5.32482704,1.8126931,5.1781902,1.869693753,3
95,0,E02000001,97,E02000100,10,E02000001E02000100,2,112,124,5.32482704,1.8126931,5.166643027,1.871312799,3
96,0,E02000001,99,E02000102,9,E02000001E02000102,4,45,58,5.32482704,1.8126931,5.213079939,1.867292859,3
97,0,E02000001,100,E02000103,8,E02000001E02000103,7,55,70,5.32482704,1.8126931,5.224805705,1.864490051,3
98,0,E02000001,101,E02000104,11,E02000001E02000104,4,84,99,5.32482704,1.8126931,5.184910034,1.862319959,3
99,0,E02000001,102,E02000105,6,E02000001E02000105,4,103,113,5.32482704,1.8126931,5.17044286,1.858741983,3
100,0,E02000001,103,E02000106,6,E02000001E02000106,3,89,98,5.32482704,1.8126931,5.213672005,1.857416006,3
101,0,E02000001,104,E02000107,9,E02000001E02000107,4,174,187,5.32482704,1.8126931,5.234768423,1.855797078,3
102,0,E02000001,105,E02000108,5,E02000001E02000108,4,51,60,5.32482704,1.8126931,5.162065643,1.855827866,3
103,0,E02000001,106,E02000109,9,E02000001E02000109,3,148,160,5.32482704,1.8126931,5.195356788,1.855219851,3
104,0,E02000001,108,E02000111,6,E02000001E02000111,6,67,79,5.32482704,1.8126931,5.176329489,1.84997324,3
105,0,E02000001,109,E02000112,4,E02000001E02000112,12,88,104,5.32482704,1.8126931,5.189946815,1.84864256,3
106,0,E02000001,110,E02000113,7,E02000001E02000113,5,32,44,5.32482704,1.8126931,5.206189073,1.849500258,3
107,0,E02000001,111,E02000114,4,E02000001E02000114,7,164,175,5.32482704,1.8126931,5.229204243,1.845858631,3
108,0,E02000001,112,E02000115,19,E02000001E02000115,7,293,319,5.32482704,1.8126931,5.240527391,1.846476988,3
109,0,E02000001,113,E02000116,5,E02000001E02000116,15,71,91,5.32482704,1.8126931,5.223084152,1.843232927,3
110,0,E02000001,114,E02000117,8,E02000001E02000117,10,54,72,5.32482704,1.8126931,5.214547662,1.843247776,3
111,0,E02000001,115,E02000118,7,E02000001E02000118,6,64,77,5.32482704,1.8126931,5.187485367,1.841350687,3
112,0,E02000001,116,E02000119,7,E02000001E02000119,5,33,45,5.32482704,1.8126931,5.20089813,1.834352818,3
113,0,E02000001,117,E02000120,13,E02000001E02000120,2,244,259,5.32482704,1.8126931,5.249084042,1.838967937,3
114,0,E02000001,118,E02000121,8,E02000001E02000121,4,81,93,5.32482704,1.8126931,5.179747186,1.837507093,3
115,0,E02000001,119,E02000122,14,E02000001E02000122,3,145,162,5.32482704,1.8126931,5.235075059,1.839258316,3
116,0,E02000001,120,E02000123,9,E02000001E02000123,9,108,126,5.32482704,1.8126931,5.217668194,1.833918386,3
117,0,E02000001,121,E02000124,12,E02000001E02000124,9,242,263,5.32482704,1.8126931,5.241713757,1.833223436,3
118,0,E02000001,122,E02000125,13,E02000001E02000125,13,132,158,5.32482704,1.8126931,5.229338048,1.832030785,3
119,0,E02000001,123,E02000126,3,E02000001E02000126,9,85,97,5.32482704,1.8126931,5.251714314,1.831187034,3
120,0,E02000001,124,E02000127,7,E02000001E02000127,4,150,161,5.32482704,1.8126931,5.419190079,1.724352811,3
121,0,E02000001,125,E02000128,19,E02000001E02000128,1,260,280,5.32482704,1.8126931,5.442323408,1.71416163,3
122,0,E02000001,126,E02000130,10,E02000001E02000130,5,202,217,5.32482704,1.8126931,5.359268869,1.706833929,3
123,0,E02000001,127,E02000131,6,E02000001E02000131,15,277,298,5.32482704,1.8126931,5.343443721,1.70694229,3
124,0,E02000001,128,E02000132,11,E02000001E02000132,2,447,460,5.32482704,1.8126931,5.371645902,1.70313629,3
125,0,E02000001,129,E02000133,27,E02000001E02000133,3,586,616,5.32482704,1.8126931,5.432641141,1.699022167,3
126,0,E02000001,130,E02000134,17,E02000001E02000134,9,410,436,5.32482704,1.8126931,5.404659322,1.700588871,3
127,0,E02000001,131,E02000135,8,E02000001E02000135,11,132,151,5.32482704,1.8126931,5.34848402,1.698497182,3
128,0,E02000001,133,E02000137,6,E02000001E02000137,5,322,333,5.32482704,1.8126931,5.390037548,1.694914516,3
129,0,E02000001,134,E02000138,16,E02000001E02000138,3,347,366,5.32482704,1.8126931,5.379373316,1.693298958,3
130,0,E02000001,135,E02000139,9,E02000001E02000139,3,308,320,5.32482704,1.8126931,5.361966713,1.69577076,3
131,0,E02000001,136,E02000140,12,E02000001E02000140,1,76,89,5.32482704,1.8126931,5.467746598,1.694144812,3
132,0,E02000001,137,E02000141,13,E02000001E02000141,8,166,187,5.32482704,1.8126931,5.35176334,1.691376511,3
133,0,E02000001,138,E02000142,12,E02000001E02000142,1,278,291,5.32482704,1.8126931,5.415328755,1.692791831,3
134,0,E02000001,139,E02000144,13,E02000001E02000144,3,298,314,5.32482704,1.8126931,5.40227083,1.686079466,3
135,0,E02000001,140,E02000145,12,E02000001E02000145,1,102,115,5.32482704,1.8126931,5.486612811,1.681487399,3
136,0,E02000001,141,E02000146,15,E02000001E02000146,6,225,246,5.32482704,1.8126931,5.415423327,1.680810222,3
137,0,E02000001,143,E02000148,11,E02000001E02000148,1,270,282,5.32482704,1.8126931,5.43508575,1.679515797,3
138,0,E02000001,144,E02000149,7,E02000001E02000149,1,149,157,5.32482704,1.8126931,5.464046096,1.678220182,3
139,0,E02000001,145,E02000150,24,E02000001E02000150,2,230,256,5.32482704,1.8126931,5.372553142,1.674400136,3
140,0,E02000001,146,E02000151,12,E02000001E02000151,1,417,430,5.32482704,1.8126931,5.447652266,1.672893856,3
141,0,E02000001,147,E02000152,5,E02000001E02000152,2,106,113,5.32482704,1.8126931,5.426280616,1.669829662,3
142,0,E02000001,148,E02000153,13,E02000001E02000153,2,231,246,5.32482704,1.8126931,5.401169901,1.669034761,3
143,0,E02000001,149,E02000154,6,E02000001E02000154,3,275,284,5.32482704,1.8126931,5.458943892,1.665672671,3
144,0,E02000001,151,E02000156,18,E02000001E02000156,5,342,365,5.32482704,1.8126931,5.383863883,1.660456469,3
145,0,E02000001,152,E02000157,15,E02000001E02000157,1,279,295,5.32482704,1.8126931,5.445074373,1.658290151,3
146,0,E02000001,153,E02000158,8,E02000001E02000158,3,157,168,5.32482704,1.8126931,5.472749465,1.654513495,3
147,0,E02000001,154,E02000159,11,E02000001E02000159,1,178,190,5.32482704,1.8126931,5.422351322,1.647932403,3
148,0,E02000001,156,E02000161,17,E02000001E02000161,1,314,332,5.32482704,1.8126931,5.458327632,1.648185177,3
149,0,E02000001,158,E02000163,10,E02000001E02000163,1,269,280,5.32482704,1.8126931,5.474327058,1.633054145,3
150,0,E02000001,160,E02000166,33,E02000001E02000166,27,127,187,5.32482704,1.8126931,5.279127258,1.86726437,3
151,0,E02000001,161,E02000167,57,E02000001E02000167,23,432,512,5.32482704,1.8126931,5.266126942,1.863353439,3
152,0,E02000001,162,E02000168,8,E02000001E02000168,10,217,235,5.32482704,1.8126931,5.288847471,1.856900453,3
153,0,E02000001,163,E02000169,53,E02000001E02000169,1,360,414,5.32482704,1.8126931,5.258252916,1.857710518,3
154,0,E02000001,164,E02000170,16,E02000001E02000170,6,443,465,5.32482704,1.8126931,5.247978185,1.854505613,3
155,0,E02000001,165,E02000171,27,E02000001E02000171,40,270,337,5.32482704,1.8126931,5.277540227,1.853535441,3
156,0,E02000001,166,E02000172,11,E02000001E02000172,31,131,173,5.32482704,1.8126931,5.285056672,1.850686921,3
157,0,E02000001,167,E02000173,40,E02000001E02000173,14,485,539,5.32482704,1.8126931,5.267576401,1.850856277,3
158,0,E02000001,168,E02000174,8,E02000001E02000174,23,193,224,5.32482704,1.8126931,5.293325042,1.849408324,3
159,0,E02000001,169,E02000175,8,E02000001E02000175,7,670,685,5.32482704,1.8126931,5.255751213,1.849165095,3
160,0,E02000001,170,E02000176,34,E02000001E02000176,13,520,567,5.32482704,1.8126931,5.27089711,1.847654051,3
161,0,E02000001,171,E02000177,12,E02000001E02000177,27,238,277,5.32482704,1.8126931,5.281373125,1.846032982,3
162,0,E02000001,172,E02000178,9,E02000001E02000178,6,399,414,5.32482704,1.8126931,5.249261178,1.846352433,3
163,0,E02000001,173,E02000179,38,E02000001E02000179,11,284,333,5.32482704,1.8126931,5.273732297,1.844620739,3
164,0,E02000001,174,E02000180,11,E02000001E02000180,41,188,240,5.32482704,1.8126931,5.296757221,1.844793153,3
165,0,E02000001,175,E02000181,13,E02000001E02000181,3,616,632,5.32482704,1.8126931,5.258035112,1.843266089,3
166,0,E02000001,176,E02000182,23,E02000001E02000182,5,339,367,5.32482704,1.8126931,5.269235226,1.840472194,3
167,0,E02000001,177,E02000183,60,E02000001E02000183,24,240,324,5.32482704,1.8126931,5.282061667,1.839993271,3
168,0,E02000001,178,E02000184,11,E02000001E02000184,38,104,153,5.32482704,1.8126931,5.293580795,1.839190186,3
169,0,E02000001,179,E02000185,6,E02000001E02000185,13,190,209,5.32482704,1.8126931,5.257700132,1.837851154,3
170,0,E02000001,180,E02000186,16,E02000001E02000186,21,184,221,5.32482704,1.8126931,5.28792839,1.832037712,3
171,0,E02000001,181,E02000187,6,E02000001E02000187,30,67,103,5.32482704,1.8126931,5.298901275,1.833295053,3
172,0,E02000001,182,E02000188,4,E02000001E02000188,18,96,118,5.32482704,1.8126931,5.291927676,1.827522948,3
173,0,E02000001,183,E02000189,4,E02000001E02000189,26,51,81,5.32482704,1.8126931,5.306218781,1.82671118,3
174,0,E02000001,184,E02000190,2,E02000001E02000190,25,70,97,5.32482704,1.8126931,5.302350165,1.824759775,3
175,0,E02000001,185,E02000191,17,E02000001E02000191,20,121,158,5.32482704,1.8126931,5.295504248,1.820383576,3
176,0,E02000001,186,E02000192,18,E02000001E02000192,43,60,121,5.32482704,1.8126931,5.310124882,1.819749452,3
177,0,E02000001,187,E02000193,11,E02000001E02000193,56,186,253,5.32482704,1.8126931,5.303671496,1.816254831,3
178,0,E02000001,188,E02000194,14,E02000001E02000194,17,143,174,5.32482704,1.8126931,5.331407698,1.7024953,3
179,0,E02000001,189,E02000195,10,E02000001E02000195,23,120,153,5.32482704,1.8126931,5.318703069,1.702632787,3
180,0,E02000001,190,E02000196,5,E02000001E02000196,12,87,104,5.32482704,1.8126931,5.311692084,1.695640686,3
181,0,E02000001,191,E02000197,12,E02000001E02000197,7,100,119,5.32482704,1.8126931,5.30505265,1.691519211,3
182,0,E02000001,192,E02000198,3,E02000001E02000198,11,69,83,5.32482704,1.8126931,5.323460437,1.691617357,3
183,0,E02000001,193,E02000199,9,E02000001E02000199,14,86,109,5.32482704,1.8126931,5.328786894,1.68850696,3
184,0,E02000001,194,E02000200,6,E02000001E02000200,13,112,131,5.32482704,1.8126931,5.336895531,1.688717973,3
185,0,E02000001,195,E02000201,8,E02000001E02000201,9,121,138,5.32482704,1.8126931,5.343788357,1.685165558,3
186,0,E02000001,196,E02000202,6,E02000001E02000202,9,84,99,5.32482704,1.8126931,5.315232451,1.683725345,3
187,0,E02000001,197,E02000203,6,E02000001E02000203,12,56,74,5.32482704,1.8126931,5.324320908,1.681411091,3
188,0,E02000001,198,E02000204,7,E02000001E02000204,15,68,90,5.32482704,1.8126931,5.309634509,1.67850981,3
189,0,E02000001,199,E02000206,3,E02000001E02000206,8,83,94,5.32482704,1.8126931,5.330486869,1.674875621,3
190,0,E02000001,200,E02000207,6,E02000001E02000207,9,121,136,5.32482704,1.8126931,5.346186804,1.672634534,3
191,0,E02000001,201,E02000208,9,E02000001E02000208,10,65,84,5.32482704,1.8126931,5.318474485,1.671930664,3
192,0,E02000001,202,E02000209,5,E02000001E02000209,7,53,65,5.32482704,1.8126931,5.305741175,1.670105181,3
193,0,E02000001,203,E02000210,7,E02000001E02000210,1,139,147,5.32482704,1.8126931,5.338382423,1.668418721,3
194,0,E02000001,204,E02000211,18,E02000001E02000211,3,113,134,5.32482704,1.8126931,5.360161284,1.667154119,3
195,0,E02000001,205,E02000212,3,E02000001E02000212,9,45,57,5.32482704,1.8126931,5.311192137,1.662590878,3
196,0,E02000001,206,E02000213,2,E02000001E02000213,13,113,128,5.32482704,1.8126931,5.323411803,1.664290251,3
197,0,E02000001,207,E02000214,8,E02000001E02000214,2,118,128,5.32482704,1.8126931,5.347000052,1.662763789,3
198,0,E02000001,208,E02000215,7,E02000001E02000215,3,337,347,5.32482704,1.8126931,5.334659325,1.661519342,3
199,0,E02000001,209,E02000216,3,E02000001E02000216,1,290,294,5.32482704,1.8126931,5.339111602,1.651345978,3
200,0,E02000001,210,E02000217,3,E02000001E02000217,11,142,156,5.32482704,1.8126931,5.316006098,1.65406781,3
201,0,E02000001,211,E02000218,5,E02000001E02000218,3,76,84,5.32482704,1.8126931,5.371891304,1.654166847,3
202,0,E02000001,212,E02000219,6,E02000001E02000219,1,119,126,5.32482704,1.8126931,5.360502923,1.647178706,3
203,0,E02000001,213,E02000220,8,E02000001E02000220,7,264,279,5.32482704,1.8126931,5.326330245,1.650085644,3
204,0,E02000001,214,E02000221,8,E02000001E02000221,6,90,104,5.32482704,1.8126931,5.315178435,1.638938385,3
205,0,E02000001,215,E02000222,8,E02000001E02000222,4,233,245,5.32482704,1.8126931,5.33355439,1.638491801,3
206,0,E02000001,216,E02000223,3,E02000001E02000223,3,19,25,5.32482704,1.8126931,5.379391875,1.635273812,3
207,0,E02000001,217,E02000224,9,E02000001E02000224,2,205,216,5.32482704,1.8126931,5.324578711,1.628263158,3
208,0,E02000001,218,E02000225,1,E02000001E02000225,2,40,43,5.32482704,1.8126931,5.384449144,1.628461142,3
209,0,E02000001,219,E02000226,4,E02000001E02000226,3,141,148,5.32482704,1.8126931,5.347277971,1.630503543,3
210,0,E02000001,220,E02000227,17,E02000001E02000227,5,116,138,5.32482704,1.8126931,5.368371569,1.625975665,3
211,0,E02000001,222,E02000229,3,E02000001E02000229,1,23,27,5.32482704,1.8126931,5.389299249,1.617027022,3
212,0,E02000001,223,E02000230,8,E02000001E02000230,3,294,305,5.32482704,1.8126931,5.315917301,1.617279398,3
213,0,E02000001,226,E02000233,5,E02000001E02000233,1,135,141,5.32482704,1.8126931,5.319082328,1.600104504,3
214,0,E02000001,228,E02000235,3,E02000001E02000235,1,175,179,5.32482704,1.8126931,5.329010267,1.593604242,3
215,0,E02000001,229,E02000236,10,E02000001E02000236,4,145,159,5.32482704,1.8126931,5.292975794,1.58415204,3
216,0,E02000001,230,E02000237,8,E02000001E02000237,1,113,122,5.32482704,1.8126931,5.312884944,1.574937534,3
217,0,E02000001,232,E02000239,6,E02000001E02000239,3,88,97,5.32482704,1.8126931,5.161152866,1.846058354,3
218,0,E02000001,233,E02000240,4,E02000001E02000240,2,75,81,5.32482704,1.8126931,5.128111172,1.847198031,3
219,0,E02000001,234,E02000241,6,E02000001E02000241,1,65,72,5.32482704,1.8126931,5.135136254,1.843117123,3
220,0,E02000001,235,E02000242,1,E02000001E02000242,2,51,54,5.32482704,1.8126931,5.17115125,1.836414533,3
221,0,E02000001,236,E02000243,3,E02000001E02000243,1,77,81,5.32482704,1.8126931,5.14849872,1.834508043,3
222,0,E02000001,237,E02000244,3,E02000001E02000244,1,98,102,5.32482704,1.8126931,5.164041429,1.831544531,3
223,0,E02000001,238,E02000245,4,E02000001E02000245,2,27,33,5.32482704,1.8126931,5.121265612,1.834729793,3
224,0,E02000001,239,E02000246,6,E02000001E02000246,2,29,37,5.32482704,1.8126931,5.110495571,1.832609095,3
225,0,E02000001,240,E02000247,6,E02000001E02000247,6,47,59,5.32482704,1.8126931,5.132700657,1.83043203,3
226,0,E02000001,241,E02000248,3,E02000001E02000248,1,143,147,5.32482704,1.8126931,5.185909078,1.825841648,3
227,0,E02000001,242,E02000249,2,E02000001E02000249,2,52,56,5.32482704,1.8126931,5.143135529,1.822675049,3
228,0,E02000001,243,E02000250,7,E02000001E02000250,2,153,162,5.32482704,1.8126931,5.174473566,1.822413373,3
229,0,E02000001,245,E02000252,46,E02000001E02000252,3,144,193,5.32482704,1.8126931,5.205557209,1.821464182,3
230,0,E02000001,246,E02000253,8,E02000001E02000253,2,48,58,5.32482704,1.8126931,5.155091759,1.818066163,3
231,0,E02000001,247,E02000254,7,E02000001E02000254,5,45,57,5.32482704,1.8126931,5.129429002,1.815309747,3
232,0,E02000001,248,E02000255,9,E02000001E02000255,1,142,152,5.32482704,1.8126931,5.163371625,1.81673875,3
233,0,E02000001,249,E02000256,17,E02000001E02000256,3,255,275,5.32482704,1.8126931,5.170589927,1.811471419,3
234,0,E02000001,252,E02000259,2,E02000001E02000259,2,66,70,5.32482704,1.8126931,5.150866657,1.811335677,3
235,0,E02000001,253,E02000260,5,E02000001E02000260,5,48,58,5.32482704,1.8126931,5.130809398,1.805231139,3
236,0,E02000001,254,E02000261,7,E02000001E02000261,8,181,196,5.32482704,1.8126931,5.2126856,1.806015199,3
237,0,E02000001,255,E02000262,5,E02000001E02000262,4,140,149,5.32482704,1.8126931,5.202047875,1.803825414,3
238,0,E02000001,256,E02000263,5,E02000001E02000263,3,45,53,5.32482704,1.8126931,5.120579065,1.801725849,3
239,0,E02000001,257,E02000264,10,E02000001E02000264,1,226,237,5.32482704,1.8126931,5.190742166,1.802430234,3
240,0,E02000001,258,E02000265,10,E02000001E02000265,1,153,164,5.32482704,1.8126931,5.163018925,1.802058836,3
241,0,E02000001,259,E02000266,4,E02000001E02000266,2,47,53,5.32482704,1.8126931,5.141412043,1.799434692,3
242,0,E02000001,260,E02000267,6,E02000001E02000267,2,81,89,5.32482704,1.8126931,5.15426297,1.799665038,3
243,0,E02000001,261,E02000268,6,E02000001E02000268,4,224,234,5.32482704,1.8126931,5.179891809,1.798335149,3
244,0,E02000001,262,E02000269,11,E02000001E02000269,2,194,207,5.32482704,1.8126931,5.171105565,1.798011153,3
245,0,E02000001,263,E02000270,3,E02000001E02000270,1,79,83,5.32482704,1.8126931,5.199234896,1.796349513,3
246,0,E02000001,264,E02000271,21,E02000001E02000271,2,262,285,5.32482704,1.8126931,5.210112321,1.794953881,3
247,0,E02000001,265,E02000272,5,E02000001E02000272,1,94,100,5.32482704,1.8126931,5.160609154,1.792184913,3
248,0,E02000001,266,E02000274,3,E02000001E02000274,4,35,42,5.32482704,1.8126931,5.117741241,1.79137282,3
249,0,E02000001,267,E02000275,6,E02000001E02000275,1,45,52,5.32482704,1.8126931,5.130763105,1.789193363,3
250,0,E02000001,268,E02000276,4,E02000001E02000276,1,148,153,5.32482704,1.8126931,5.173720027,1.788701633,3
251,0,E02000001,269,E02000277,4,E02000001E02000277,5,64,73,5.32482704,1.8126931,5.359218771,1.99517216,3
252,0,E02000001,270,E02000278,2,E02000001E02000278,4,52,58,5.32482704,1.8126931,5.352062478,1.991369893,3
253,0,E02000001,271,E02000279,10,E02000001E02000279,2,127,139,5.32482704,1.8126931,5.36951618,1.989229039,3
254,0,E02000001,272,E02000280,10,E02000001E02000280,1,115,126,5.32482704,1.8126931,5.310913584,1.993970662,3
255,0,E02000001,273,E02000281,15,E02000001E02000281,7,69,91,5.32482704,1.8126931,5.339257987,1.981996839,3
256,0,E02000001,274,E02000282,9,E02000001E02000282,7,50,66,5.32482704,1.8126931,5.352411008,1.979889595,3
257,0,E02000001,275,E02000283,8,E02000001E02000283,2,55,65,5.32482704,1.8126931,5.359745395,1.975807652,3
258,0,E02000001,276,E02000284,19,E02000001E02000284,1,181,201,5.32482704,1.8126931,5.324132899,1.973172366,3
259,0,E02000001,277,E02000285,13,E02000001E02000285,2,104,119,5.32482704,1.8126931,5.334038827,1.973040095,3
260,0,E02000001,278,E02000286,13,E02000001E02000286,1,237,251,5.32482704,1.8126931,5.314569149,1.974070775,3
261,0,E02000001,279,E02000287,14,E02000001E02000287,3,138,155,5.32482704,1.8126931,5.278399168,1.977060847,3
262,0,E02000001,280,E02000288,8,E02000001E02000288,4,68,80,5.32482704,1.8126931,5.349079656,1.965140888,3
263,0,E02000001,282,E02000290,1,E02000001E02000290,1,50,52,5.32482704,1.8126931,5.367555034,1.964744232,3
264,0,E02000001,283,E02000291,7,E02000001E02000291,8,171,186,5.32482704,1.8126931,5.333720544,1.958930136,3
265,0,E02000001,284,E02000292,13,E02000001E02000292,3,117,133,5.32482704,1.8126931,5.341574892,1.958764578,3
266,0,E02000001,285,E02000293,10,E02000001E02000293,4,143,157,5.32482704,1.8126931,5.319958565,1.956363069,3
267,0,E02000001,286,E02000294,8,E02000001E02000294,9,72,89,5.32482704,1.8126931,5.35892195,1.949965828,3
268,0,E02000001,287,E02000295,7,E02000001E02000295,2,169,178,5.32482704,1.8126931,5.30229216,1.950719304,3
269,0,E02000001,288,E02000296,16,E02000001E02000296,5,167,188,5.32482704,1.8126931,5.29285633,1.953144223,3
270,0,E02000001,289,E02000297,15,E02000001E02000297,5,204,224,5.32482704,1.8126931,5.329717964,1.94719285,3
271,0,E02000001,290,E02000298,15,E02000001E02000298,3,293,311,5.32482704,1.8126931,5.312673597,1.944318505,3
272,0,E02000001,291,E02000299,9,E02000001E02000299,23,74,106,5.32482704,1.8126931,5.348411788,1.943760075,3
273,0,E02000001,292,E02000300,7,E02000001E02000300,10,82,99,5.32482704,1.8126931,5.339854971,1.942839791,3
274,0,E02000001,293,E02000301,10,E02000001E02000301,11,66,87,5.32482704,1.8126931,5.360291698,1.938468342,3
275,0,E02000001,295,E02000303,5,E02000001E02000303,4,58,67,5.32482704,1.8126931,5.336842444,1.933106537,3
276,0,E02000001,296,E02000304,16,E02000001E02000304,1,185,202,5.32482704,1.8126931,5.299785636,1.932602537,3
277,0,E02000001,297,E02000305,13,E02000001E02000305,10,264,287,5.32482704,1.8126931,5.311344947,1.9320754,3
278,0,E02000001,298,E02000306,7,E02000001E02000306,6,49,62,5.32482704,1.8126931,5.352375053,1.92871874,3
279,0,E02000001,299,E02000307,5,E02000001E02000307,8,108,121,5.32482704,1.8126931,5.327992288,1.929989968,3
280,0,E02000001,300,E02000308,13,E02000001E02000308,5,127,145,5.32482704,1.8126931,5.292827031,1.923827609,3
281,0,E02000001,301,E02000309,8,E02000001E02000309,12,45,65,5.32482704,1.8126931,5.349792742,1.920872973,3
282,0,E02000001,302,E02000311,8,E02000001E02000311,23,133,164,5.32482704,1.8126931,5.319332618,1.921661624,3
283,0,E02000001,303,E02000312,11,E02000001E02000312,5,232,248,5.32482704,1.8126931,5.305807363,1.922115185,3
284,0,E02000001,304,E02000313,5,E02000001E02000313,3,48,56,5.32482704,1.8126931,5.468637272,1.802931383,3
285,0,E02000001,305,E02000314,16,E02000001E02000314,14,189,219,5.32482704,1.8126931,5.457404802,1.801546399,3
286,0,E02000001,306,E02000315,9,E02000001E02000315,11,87,107,5.32482704,1.8126931,5.467792953,1.793221779,3
287,0,E02000001,307,E02000316,11,E02000001E02000316,2,341,354,5.32482704,1.8126931,5.426231487,1.790286641,3
288,0,E02000001,308,E02000317,3,E02000001E02000317,11,73,87,5.32482704,1.8126931,5.42504637,1.786480282,3
289,0,E02000001,309,E02000318,7,E02000001E02000318,13,102,122,5.32482704,1.8126931,5.455909848,1.786706675,3
290,0,E02000001,310,E02000319,3,E02000001E02000319,24,163,190,5.32482704,1.8126931,5.4477153,1.786688451,3
291,0,E02000001,311,E02000320,9,E02000001E02000320,7,96,112,5.32482704,1.8126931,5.468988506,1.782031797,3
292,0,E02000001,312,E02000321,8,E02000001E02000321,11,84,103,5.32482704,1.8126931,5.443433818,1.78406663,3
293,0,E02000001,313,E02000323,4,E02000001E02000323,16,88,108,5.32482704,1.8126931,5.438555075,1.781415926,3
294,0,E02000001,314,E02000324,8,E02000001E02000324,3,126,137,5.32482704,1.8126931,5.417619783,1.778960647,3
295,0,E02000001,315,E02000326,9,E02000001E02000326,7,239,255,5.32482704,1.8126931,5.408595,1.77806483,3
296,0,E02000001,316,E02000327,3,E02000001E02000327,2,60,65,5.32482704,1.8126931,5.429572334,1.776353518,3
297,0,E02000001,317,E02000328,16,E02000001E02000328,3,336,355,5.32482704,1.8126931,5.399305905,1.776191282,3
298,0,E02000001,318,E02000329,11,E02000001E02000329,7,78,96,5.32482704,1.8126931,5.447894189,1.767878596,3
299,0,E02000001,319,E02000331,13,E02000001E02000331,10,166,189,5.32482704,1.8126931,5.417215185,1.770523841,3
300,0,E02000001,320,E02000332,17,E02000001E02000332,12,107,136,5.32482704,1.8126931,5.437393684,1.767323116,3
301,0,E02000001,321,E02000333,34,E02000001E02000333,3,365,402,5.32482704,1.8126931,5.403102429,1.765917129,3
302,0,E02000001,322,E02000334,15,E02000001E02000334,3,133,151,5.32482704,1.8126931,5.41730656,1.763562149,3
303,0,E02000001,323,E02000335,13,E02000001E02000335,1,193,207,5.32482704,1.8126931,5.434561949,1.756679675,3
304,0,E02000001,324,E02000337,7,E02000001E02000337,5,133,145,5.32482704,1.8126931,5.419784729,1.752629961,3
305,0,E02000001,325,E02000339,12,E02000001E02000339,2,191,205,5.32482704,1.8126931,5.431199304,1.749684842,3
306,0,E02000001,326,E02000340,12,E02000001E02000340,6,176,194,5.32482704,1.8126931,5.435968517,1.74128651,3
307,0,E02000001,327,E02000341,8,E02000001E02000341,4,84,96,5.32482704,1.8126931,5.41520805,1.73942834,3
308,0,E02000001,328,E02000342,13,E02000001E02000342,3,146,162,5.32482704,1.8126931,5.445403181,1.737177567,3
309,0,E02000001,329,E02000343,11,E02000001E02000343,3,131,145,5.32482704,1.8126931,5.428084518,1.726158095,3
310,0,E02000001,330,E02000344,10,E02000001E02000344,3,196,209,5.32482704,1.8126931,5.437114184,1.72433139,3
311,0,E02000001,331,E02000345,4,E02000001E02000345,37,38,79,5.32482704,1.8126931,5.339312561,1.878743174,3
312,0,E02000001,332,E02000346,6,E02000001E02000346,49,53,108,5.32482704,1.8126931,5.323798851,1.875128028,3
313,0,E02000001,333,E02000347,5,E02000001E02000347,29,45,79,5.32482704,1.8126931,5.330295271,1.874561927,3
314,0,E02000001,334,E02000348,1,E02000001E02000348,49,30,80,5.32482704,1.8126931,5.340758486,1.874567076,3
315,0,E02000001,335,E02000350,9,E02000001E02000350,86,112,207,5.32482704,1.8126931,5.340633143,1.867706913,3
316,0,E02000001,336,E02000351,10,E02000001E02000351,110,198,318,5.32482704,1.8126931,5.319909209,1.867785788,3
317,0,E02000001,337,E02000352,10,E02000001E02000352,74,30,114,5.32482704,1.8126931,5.328094346,1.866021142,3
318,0,E02000001,338,E02000353,14,E02000001E02000353,104,83,201,5.32482704,1.8126931,5.334983308,1.864597464,3
319,0,E02000001,339,E02000354,5,E02000001E02000354,56,105,166,5.32482704,1.8126931,5.345122196,1.859799751,3
320,0,E02000001,340,E02000355,10,E02000001E02000355,95,64,169,5.32482704,1.8126931,5.352416249,1.860154009,3
321,0,E02000001,341,E02000356,13,E02000001E02000356,196,19,228,5.32482704,1.8126931,5.328505248,1.858387669,3
322,0,E02000001,342,E02000357,6,E02000001E02000357,53,14,73,5.32482704,1.8126931,5.365265805,1.859983819,3
323,0,E02000001,343,E02000358,12,E02000001E02000358,193,58,263,5.32482704,1.8126931,5.335177811,1.856848255,3
324,0,E02000001,344,E02000359,8,E02000001E02000359,58,36,102,5.32482704,1.8126931,5.359241545,1.855264,3
325,0,E02000001,345,E02000360,13,E02000001E02000360,96,95,204,5.32482704,1.8126931,5.343113469,1.85328693,3
326,0,E02000001,346,E02000361,3,E02000001E02000361,101,73,177,5.32482704,1.8126931,5.349709634,1.849796898,3
327,0,E02000001,347,E02000362,9,E02000001E02000362,63,39,111,5.32482704,1.8126931,5.368495009,1.849944408,3
328,0,E02000001,348,E02000363,14,E02000001E02000363,73,45,132,5.32482704,1.8126931,5.355317057,1.84909825,3
329,0,E02000001,349,E02000364,15,E02000001E02000364,115,68,198,5.32482704,1.8126931,5.341454458,1.846160708,3
330,0,E02000001,350,E02000365,22,E02000001E02000365,358,80,460,5.32482704,1.8126931,5.334861358,1.844785939,3
331,0,E02000001,351,E02000366,15,E02000001E02000366,112,65,192,5.32482704,1.8126931,5.357405354,1.842302403,3
332,0,E02000001,352,E02000367,13,E02000001E02000367,128,123,264,5.32482704,1.8126931,5.349163013,1.839847704,3
333,0,E02000001,353,E02000368,4,E02000001E02000368,122,31,157,5.32482704,1.8126931,5.341235485,1.83643634,3
334,0,E02000001,354,E02000369,22,E02000001E02000369,355,50,427,5.32482704,1.8126931,5.333035335,1.836476374,3
335,0,E02000001,355,E02000370,27,E02000001E02000370,152,43,222,5.32482704,1.8126931,5.325767765,1.832272215,3
336,0,E02000001,356,E02000371,18,E02000001E02000371,175,72,265,5.32482704,1.8126931,5.331808824,1.826965904,3
337,0,E02000001,357,E02000372,4,E02000001E02000372,4,102,110,5.32482704,1.8126931,5.223624459,1.818185866,3
338,0,E02000001,358,E02000373,2,E02000001E02000373,3,49,54,5.32482704,1.8126931,5.225809545,1.807197714,3
339,0,E02000001,359,E02000374,13,E02000001E02000374,4,157,174,5.32482704,1.8126931,5.221110886,1.804741784,3
340,0,E02000001,360,E02000375,10,E02000001E02000375,9,179,198,5.32482704,1.8126931,5.233246275,1.802580972,3
341,0,E02000001,361,E02000376,10,E02000001E02000376,7,228,245,5.32482704,1.8126931,5.229188141,1.798239216,3
342,0,E02000001,362,E02000377,7,E02000001E02000377,7,191,205,5.32482704,1.8126931,5.22253537,1.797672197,3
343,0,E02000001,363,E02000378,7,E02000001E02000378,5,322,334,5.32482704,1.8126931,5.236033,1.795811167,3
344,0,E02000001,364,E02000379,12,E02000001E02000379,8,203,223,5.32482704,1.8126931,5.218494382,1.793738488,3
345,0,E02000001,365,E02000380,16,E02000001E02000380,4,211,231,5.32482704,1.8126931,5.229250917,1.792031829,3
346,0,E02000001,366,E02000381,25,E02000001E02000381,5,403,433,5.32482704,1.8126931,5.237523515,1.791158101,3
347,0,E02000001,367,E02000382,10,E02000001E02000382,5,158,173,5.32482704,1.8126931,5.223332377,1.787101305,3
348,0,E02000001,368,E02000383,18,E02000001E02000383,9,361,388,5.32482704,1.8126931,5.242942296,1.786855607,3
349,0,E02000001,369,E02000384,10,E02000001E02000384,3,192,205,5.32482704,1.8126931,5.232097441,1.785313392,3
350,0,E02000001,370,E02000385,14,E02000001E02000385,2,438,454,5.32482704,1.8126931,5.242329357,1.781085167,3
351,0,E02000001,371,E02000386,11,E02000001E02000386,2,231,244,5.32482704,1.8126931,5.248159051,1.780171296,3
352,0,E02000001,372,E02000387,10,E02000001E02000387,2,184,196,5.32482704,1.8126931,5.239872737,1.777497812,3
353,0,E02000001,373,E02000388,52,E02000001E02000388,6,444,502,5.32482704,1.8126931,5.251934065,1.775610506,3
354,0,E02000001,374,E02000389,42,E02000001E02000389,14,290,346,5.32482704,1.8126931,5.236031497,1.773126003,3
355,0,E02000001,375,E02000390,31,E02000001E02000390,7,313,351,5.32482704,1.8126931,5.244236625,1.772673961,3
356,0,E02000001,376,E02000391,64,E02000001E02000391,9,403,476,5.32482704,1.8126931,5.255880959,1.768988998,3
357,0,E02000001,377,E02000392,55,E02000001E02000392,10,591,656,5.32482704,1.8126931,5.248925911,1.767952982,3
358,0,E02000001,378,E02000393,38,E02000001E02000393,8,378,424,5.32482704,1.8126931,5.242048443,1.768394182,3
359,0,E02000001,379,E02000394,47,E02000001E02000394,10,284,341,5.32482704,1.8126931,5.261144769,1.764547115,3
360,0,E02000001,380,E02000395,39,E02000001E02000395,4,396,439,5.32482704,1.8126931,5.244847403,1.761046909,3
361,0,E02000001,381,E02000396,49,E02000001E02000396,9,230,288,5.32482704,1.8126931,5.255194032,1.760010831,3
362,0,E02000001,382,E02000397,7,E02000001E02000397,19,167,193,5.32482704,1.8126931,5.304997709,1.913150867,3
363,0,E02000001,383,E02000398,6,E02000001E02000398,17,25,48,5.32482704,1.8126931,5.34834319,1.912819918,3
364,0,E02000001,384,E02000400,4,E02000001E02000400,9,158,171,5.32482704,1.8126931,5.295989588,1.912444204,3
365,0,E02000001,385,E02000401,4,E02000001E02000401,6,29,39,5.32482704,1.8126931,5.323309982,1.912047695,3
366,0,E02000001,386,E02000402,7,E02000001E02000402,20,24,51,5.32482704,1.8126931,5.330713376,1.911226742,3
367,0,E02000001,387,E02000403,3,E02000001E02000403,22,146,171,5.32482704,1.8126931,5.311214702,1.910590286,3
368,0,E02000001,388,E02000404,4,E02000001E02000404,18,80,102,5.32482704,1.8126931,5.317044423,1.908776887,3
369,0,E02000001,389,E02000405,11,E02000001E02000405,11,198,220,5.32482704,1.8126931,5.295717031,1.903672613,3
370,0,E02000001,390,E02000406,8,E02000001E02000406,13,95,116,5.32482704,1.8126931,5.316869993,1.903103813,3
371,0,E02000001,391,E02000407,5,E02000001E02000407,17,52,74,5.32482704,1.8126931,5.335459991,1.902311804,3
372,0,E02000001,392,E02000408,2,E02000001E02000408,23,32,57,5.32482704,1.8126931,5.340581352,1.902501866,3
373,0,E02000001,393,E02000409,7,E02000001E02000409,15,42,64,5.32482704,1.8126931,5.326126712,1.901006185,3
374,0,E02000001,394,E02000410,23,E02000001E02000410,28,135,186,5.32482704,1.8126931,5.286185135,1.900896222,3
375,0,E02000001,395,E02000411,1,E02000001E02000411,18,73,92,5.32482704,1.8126931,5.346712685,1.900383417,3
376,0,E02000001,396,E02000412,8,E02000001E02000412,35,81,124,5.32482704,1.8126931,5.310063303,1.899671632,3
377,0,E02000001,397,E02000413,25,E02000001E02000413,20,185,230,5.32482704,1.8126931,5.279044323,1.899606351,3
378,0,E02000001,398,E02000414,10,E02000001E02000414,27,77,114,5.32482704,1.8126931,5.331625184,1.897648569,3
379,0,E02000001,399,E02000415,3,E02000001E02000415,24,101,128,5.32482704,1.8126931,5.320991455,1.896718876,3
380,0,E02000001,400,E02000416,16,E02000001E02000416,8,230,254,5.32482704,1.8126931,5.304335668,1.893507671,3
381,0,E02000001,401,E02000417,32,E02000001E02000417,34,179,245,5.32482704,1.8126931,5.288866047,1.891661667,3
382,0,E02000001,402,E02000418,18,E02000001E02000418,10,138,166,5.32482704,1.8126931,5.296822359,1.891514411,3
383,0,E02000001,403,E02000419,10,E02000001E02000419,46,143,199,5.32482704,1.8126931,5.314075481,1.891347789,3
384,0,E02000001,404,E02000420,3,E02000001E02000420,23,76,102,5.32482704,1.8126931,5.331921439,1.891626663,3
385,0,E02000001,405,E02000421,7,E02000001E02000421,23,64,94,5.32482704,1.8126931,5.339540916,1.891162503,3
386,0,E02000001,406,E02000422,10,E02000001E02000422,22,66,98,5.32482704,1.8126931,5.327141526,1.888272697,3
387,0,E02000001,407,E02000423,5,E02000001E02000423,61,79,145,5.32482704,1.8126931,5.321138608,1.886938893,3
388,0,E02000001,408,E02000424,10,E02000001E02000424,10,225,245,5.32482704,1.8126931,5.307798546,1.886051575,3
389,0,E02000001,409,E02000425,4,E02000001E02000425,45,42,91,5.32482704,1.8126931,5.339706528,1.884491757,3
390,0,E02000001,410,E02000426,53,E02000001E02000426,16,222,291,5.32482704,1.8126931,5.27845068,1.882628515,3
391,0,E02000001,411,E02000427,9,E02000001E02000427,70,142,221,5.32482704,1.8126931,5.316565712,1.878828475,3
392,0,E02000001,412,E02000428,2,E02000001E02000428,27,69,98,5.32482704,1.8126931,5.328259866,1.882080764,3
393,0,E02000001,413,E02000429,36,E02000001E02000429,23,271,330,5.32482704,1.8126931,5.294724264,1.882281734,3
394,0,E02000001,414,E02000430,14,E02000001E02000430,17,242,273,5.32482704,1.8126931,5.304490639,1.881249063,3
395,0,E02000001,415,E02000431,23,E02000001E02000431,58,323,404,5.32482704,1.8126931,5.288240262,1.876697891,3
396,0,E02000001,416,E02000432,6,E02000001E02000432,12,174,192,5.32482704,1.8126931,5.311727798,1.876452543,3
397,0,E02000001,418,E02000434,5,E02000001E02000434,3,180,188,5.32482704,1.8126931,5.182428877,1.917640645,3
398,0,E02000001,421,E02000437,10,E02000001E02000437,2,78,90,5.32482704,1.8126931,5.151301593,1.911247021,3
399,0,E02000001,424,E02000440,16,E02000001E02000440,1,147,164,5.32482704,1.8126931,5.170169024,1.909182923,3
400,0,E02000001,426,E02000442,11,E02000001E02000442,3,93,107,5.32482704,1.8126931,5.187718557,1.903759617,3
401,0,E02000001,427,E02000443,4,E02000001E02000443,2,83,89,5.32482704,1.8126931,5.151331178,1.902742831,3
402,0,E02000001,428,E02000444,10,E02000001E02000444,2,103,115,5.32482704,1.8126931,5.176970665,1.901482049,3
403,0,E02000001,429,E02000445,6,E02000001E02000445,3,110,119,5.32482704,1.8126931,5.157762713,1.898191616,3
404,0,E02000001,433,E02000451,8,E02000001E02000451,5,142,155,5.32482704,1.8126931,5.131477439,1.891646076,3
405,0,E02000001,434,E02000452,3,E02000001E02000452,1,152,156,5.32482704,1.8126931,5.152219768,1.890085624,3
406,0,E02000001,435,E02000453,6,E02000001E02000453,2,156,164,5.32482704,1.8126931,5.143332917,1.886532952,3
407,0,E02000001,436,E02000454,7,E02000001E02000454,1,157,165,5.32482704,1.8126931,5.120003791,1.88351224,3
408,0,E02000001,439,E02000457,6,E02000001E02000457,2,90,98,5.32482704,1.8126931,5.131493251,1.877329341,3
409,0,E02000001,440,E02000459,5,E02000001E02000459,3,97,105,5.32482704,1.8126931,5.143191961,1.868132415,3
410,0,E02000001,442,E02000461,4,E02000001E02000461,1,162,167,5.32482704,1.8126931,5.154144055,1.867672022,3
411,0,E02000001,446,E02000465,8,E02000001E02000465,4,139,151,5.32482704,1.8126931,5.553557086,1.922134655,3
412,0,E02000001,447,E02000466,11,E02000001E02000466,1,129,141,5.32482704,1.8126931,5.513474693,1.927216497,3
413,0,E02000001,448,E02000467,17,E02000001E02000467,6,84,107,5.32482704,1.8126931,5.537743766,1.917691519,3
414,0,E02000001,449,E02000468,28,E02000001E02000468,1,133,162,5.32482704,1.8126931,5.494036448,1.924329652,3
415,0,E02000001,450,E02000469,9,E02000001E02000469,2,74,85,5.32482704,1.8126931,5.528472155,1.912077772,3
416,0,E02000001,451,E02000470,17,E02000001E02000470,3,290,310,5.32482704,1.8126931,5.558812308,1.904904782,3
417,0,E02000001,453,E02000472,21,E02000001E02000472,1,201,223,5.32482704,1.8126931,5.504176605,1.90325856,3
418,0,E02000001,454,E02000473,30,E02000001E02000473,4,335,369,5.32482704,1.8126931,5.5465577,1.895037224,3
419,0,E02000001,455,E02000474,19,E02000001E02000474,4,200,223,5.32482704,1.8126931,5.497687196,1.896316441,3
420,0,E02000001,456,E02000475,23,E02000001E02000475,2,463,488,5.32482704,1.8126931,5.527955843,1.896885036,3
421,0,E02000001,458,E02000477,18,E02000001E02000477,4,418,440,5.32482704,1.8126931,5.52964827,1.883559893,3
422,0,E02000001,459,E02000478,20,E02000001E02000478,2,193,215,5.32482704,1.8126931,5.547601154,1.882597273,3
423,0,E02000001,460,E02000479,12,E02000001E02000479,7,297,316,5.32482704,1.8126931,5.519678229,1.879982938,3
424,0,E02000001,461,E02000480,10,E02000001E02000480,3,202,215,5.32482704,1.8126931,5.50059147,1.880214248,3
425,0,E02000001,464,E02000483,17,E02000001E02000483,2,251,270,5.32482704,1.8126931,5.539007051,1.871270373,3
426,0,E02000001,465,E02000484,26,E02000001E02000484,3,256,285,5.32482704,1.8126931,5.523668165,1.86982141,3
427,0,E02000001,466,E02000485,13,E02000001E02000485,2,393,408,5.32482704,1.8126931,5.552219682,1.867652156,3
428,0,E02000001,470,E02000489,15,E02000001E02000489,6,192,213,5.32482704,1.8126931,5.523419196,1.849245003,3
429,0,E02000001,471,E02000490,18,E02000001E02000490,1,168,187,5.32482704,1.8126931,5.523393791,1.839863975,3
430,0,E02000001,472,E02000491,11,E02000001E02000491,2,144,157,5.32482704,1.8126931,5.510916391,1.826646393,3
431,0,E02000001,473,E02000492,14,E02000001E02000492,4,185,203,5.32482704,1.8126931,5.53490945,1.814530369,3
432,0,E02000001,476,E02000495,6,E02000001E02000495,1,170,177,5.32482704,1.8126931,5.096087585,1.90710793,3
433,0,E02000001,483,E02000502,7,E02000001E02000502,1,108,116,5.32482704,1.8126931,5.091308708,1.858795571,3
434,0,E02000001,484,E02000503,3,E02000001E02000503,1,108,112,5.32482704,1.8126931,5.10548674,1.862069423,3
435,0,E02000001,485,E02000504,11,E02000001E02000504,1,78,90,5.32482704,1.8126931,5.074775183,1.861808378,3
436,0,E02000001,488,E02000508,3,E02000001E02000508,1,41,45,5.32482704,1.8126931,5.061637237,1.83536341,3
437,0,E02000001,490,E02000510,4,E02000001E02000510,2,42,48,5.32482704,1.8126931,5.070762999,1.826436441,3
438,0,E02000001,491,E02000511,3,E02000001E02000511,2,37,42,5.32482704,1.8126931,5.092865411,1.826668895,3
439,0,E02000001,492,E02000512,3,E02000001E02000512,1,31,35,5.32482704,1.8126931,5.08105308,1.825538754,3
440,0,E02000001,494,E02000514,6,E02000001E02000514,2,34,42,5.32482704,1.8126931,5.10270936,1.81741128,3
441,0,E02000001,495,E02000515,1,E02000001E02000515,2,42,45,5.32482704,1.8126931,5.055752708,1.812193626,3
442,0,E02000001,499,E02000519,10,E02000001E02000519,1,33,44,5.32482704,1.8126931,5.106694495,1.808415095,3
443,0,E02000001,500,E02000520,3,E02000001E02000520,2,44,49,5.32482704,1.8126931,5.095173498,1.801391913,3
444,0,E02000001,501,E02000521,4,E02000001E02000521,1,47,52,5.32482704,1.8126931,5.07633974,1.792628352,3
445,0,E02000001,502,E02000522,5,E02000001E02000522,1,26,32,5.32482704,1.8126931,5.060902617,1.793316625,3
446,0,E02000001,503,E02000523,6,E02000001E02000523,3,35,44,5.32482704,1.8126931,5.094863127,1.789401388,3
447,0,E02000001,504,E02000524,3,E02000001E02000524,5,15,23,5.32482704,1.8126931,5.066574873,1.764362812,3
448,0,E02000001,505,E02000525,1,E02000001E02000525,2,24,27,5.32482704,1.8126931,5.094163375,1.773943052,3
449,0,E02000001,506,E02000526,22,E02000001E02000526,5,302,329,5.32482704,1.8126931,5.215345056,1.785096334,3
450,0,E02000001,507,E02000528,6,E02000001E02000528,3,115,124,5.32482704,1.8126931,5.184319001,1.784099505,3
451,0,E02000001,508,E02000529,8,E02000001E02000529,1,38,47,5.32482704,1.8126931,5.128465998,1.779484083,3
452,0,E02000001,510,E02000531,8,E02000001E02000531,2,102,112,5.32482704,1.8126931,5.171330425,1.77596979,3
453,0,E02000001,511,E02000532,25,E02000001E02000532,3,244,272,5.32482704,1.8126931,5.209047544,1.772730011,3
454,0,E02000001,512,E02000533,30,E02000001E02000533,5,226,261,5.32482704,1.8126931,5.198862095,1.774791112,3
455,0,E02000001,513,E02000534,10,E02000001E02000534,1,116,127,5.32482704,1.8126931,5.152229161,1.778992447,3
456,0,E02000001,514,E02000535,7,E02000001E02000535,2,65,74,5.32482704,1.8126931,5.11867409,1.770358301,3
457,0,E02000001,515,E02000536,7,E02000001E02000536,1,75,83,5.32482704,1.8126931,5.13069407,1.767159529,3
458,0,E02000001,516,E02000537,6,E02000001E02000537,2,123,131,5.32482704,1.8126931,5.142549699,1.769939817,3
459,0,E02000001,517,E02000538,8,E02000001E02000538,9,41,58,5.32482704,1.8126931,5.108085539,1.761602396,3
460,0,E02000001,519,E02000540,5,E02000001E02000540,1,96,102,5.32482704,1.8126931,5.147594255,1.759893228,3
461,0,E02000001,521,E02000542,7,E02000001E02000542,2,71,80,5.32482704,1.8126931,5.128483712,1.757179546,3
462,0,E02000001,522,E02000543,3,E02000001E02000543,5,122,130,5.32482704,1.8126931,5.137014663,1.75290082,3
463,0,E02000001,523,E02000544,3,E02000001E02000544,1,58,62,5.32482704,1.8126931,5.147866998,1.750373537,3
464,0,E02000001,524,E02000545,4,E02000001E02000545,2,71,77,5.32482704,1.8126931,5.160528704,1.750936287,3
465,0,E02000001,525,E02000546,4,E02000001E02000546,1,51,56,5.32482704,1.8126931,5.122891095,1.745170334,3
466,0,E02000001,528,E02000549,8,E02000001E02000549,3,37,48,5.32482704,1.8126931,5.112797292,1.734048835,3
467,0,E02000001,531,E02000552,3,E02000001E02000552,2,31,36,5.32482704,1.8126931,5.094138582,1.720698613,3
468,0,E02000001,533,E02000554,8,E02000001E02000554,50,132,190,5.32482704,1.8126931,5.302183942,1.874334263,3
469,0,E02000001,534,E02000555,15,E02000001E02000555,72,167,254,5.32482704,1.8126931,5.296224705,1.872030898,3
470,0,E02000001,535,E02000556,5,E02000001E02000556,76,176,257,5.32482704,1.8126931,5.305605799,1.869219337,3
471,0,E02000001,536,E02000557,5,E02000001E02000557,52,134,191,5.32482704,1.8126931,5.292767311,1.866200049,3
472,0,E02000001,537,E02000558,3,E02000001E02000558,43,87,133,5.32482704,1.8126931,5.310108725,1.864444831,3
473,0,E02000001,538,E02000559,20,E02000001E02000559,89,418,527,5.32482704,1.8126931,5.316551579,1.862340206,3
474,0,E02000001,539,E02000560,12,E02000001E02000560,133,117,262,5.32482704,1.8126931,5.305901346,1.861332808,3
475,0,E02000001,540,E02000561,19,E02000001E02000561,61,187,267,5.32482704,1.8126931,5.296965691,1.860397356,3
476,0,E02000001,541,E02000562,21,E02000001E02000562,161,127,309,5.32482704,1.8126931,5.320850992,1.85658689,3
477,0,E02000001,542,E02000563,7,E02000001E02000563,60,108,175,5.32482704,1.8126931,5.299901269,1.855089376,3
478,0,E02000001,543,E02000564,22,E02000001E02000564,98,405,525,5.32482704,1.8126931,5.308931018,1.854474747,3
479,0,E02000001,544,E02000565,15,E02000001E02000565,204,46,265,5.32482704,1.8126931,5.328795226,1.852150941,3
480,0,E02000001,545,E02000566,44,E02000001E02000566,126,333,503,5.32482704,1.8126931,5.31493393,1.850634713,3
481,0,E02000001,546,E02000567,42,E02000001E02000567,384,114,540,5.32482704,1.8126931,5.326410307,1.846938159,3
482,0,E02000001,547,E02000568,13,E02000001E02000568,88,111,212,5.32482704,1.8126931,5.304486281,1.846017601,3
483,0,E02000001,548,E02000569,58,E02000001E02000569,270,188,516,5.32482704,1.8126931,5.319981338,1.844434224,3
484,0,E02000001,549,E02000570,71,E02000001E02000570,291,195,557,5.32482704,1.8126931,5.311561411,1.841146286,3
485,0,E02000001,550,E02000571,33,E02000001E02000571,265,52,350,5.32482704,1.8126931,5.323083014,1.838346643,3
486,0,E02000001,551,E02000572,9,E02000001E02000572,79,105,193,5.32482704,1.8126931,5.306972588,1.836077391,3
487,0,E02000001,552,E02000573,61,E02000001E02000573,291,182,534,5.32482704,1.8126931,5.316673697,1.834470006,3
488,0,E02000001,553,E02000574,30,E02000001E02000574,161,136,327,5.32482704,1.8126931,5.309536105,1.830550909,3
489,0,E02000001,554,E02000575,45,E02000001E02000575,128,115,288,5.32482704,1.8126931,5.316069733,1.823816852,3
490,0,E02000001,555,E02000576,33,E02000001E02000576,82,61,176,5.32482704,1.8126931,5.324607933,1.823606618,3
491,0,E02000001,556,E02000577,3,E02000001E02000577,9,87,99,5.32482704,1.8126931,5.239897353,1.821872432,3
492,0,E02000001,557,E02000578,8,E02000001E02000578,8,84,100,5.32482704,1.8126931,5.23620903,1.819196852,3
493,0,E02000001,558,E02000579,22,E02000001E02000579,3,259,284,5.32482704,1.8126931,5.236591587,1.813796212,3
494,0,E02000001,559,E02000580,40,E02000001E02000580,9,331,380,5.32482704,1.8126931,5.245987999,1.81343793,3
495,0,E02000001,560,E02000581,10,E02000001E02000581,3,148,161,5.32482704,1.8126931,5.239978257,1.807575644,3
496,0,E02000001,561,E02000582,72,E02000001E02000582,6,601,679,5.32482704,1.8126931,5.250581885,1.807082427,3
497,0,E02000001,562,E02000583,61,E02000001E02000583,3,450,514,5.32482704,1.8126931,5.243682629,1.805324714,3
498,0,E02000001,563,E02000584,65,E02000001E02000584,3,578,646,5.32482704,1.8126931,5.254591992,1.800690556,3
499,0,E02000001,564,E02000585,62,E02000001E02000585,7,425,494,5.32482704,1.8126931,5.245114806,1.796360605,3
500,0,E02000001,565,E02000586,121,E02000001E02000586,10,540,671,5.32482704,1.8126931,5.260504329,1.793535116,3
501,0,E02000001,566,E02000587,80,E02000001E02000587,3,457,540,5.32482704,1.8126931,5.252308466,1.792142173,3
502,0,E02000001,567,E02000588,144,E02000001E02000588,8,543,695,5.32482704,1.8126931,5.276401221,1.791099182,3
503,0,E02000001,568,E02000589,94,E02000001E02000589,2,627,723,5.32482704,1.8126931,5.257813437,1.788430913,3
504,0,E02000001,569,E02000590,66,E02000001E02000590,15,398,479,5.32482704,1.8126931,5.272021784,1.787419971,3
505,0,E02000001,570,E02000591,21,E02000001E02000591,8,362,391,5.32482704,1.8126931,5.250905952,1.786622554,3
506,0,E02000001,571,E02000592,93,E02000001E02000592,3,658,754,5.32482704,1.8126931,5.264921372,1.786898165,3
507,0,E02000001,572,E02000593,51,E02000001E02000593,3,565,619,5.32482704,1.8126931,5.256937886,1.781839463,3
508,0,E02000001,573,E02000594,121,E02000001E02000594,11,378,510,5.32482704,1.8126931,5.278332288,1.780911831,3
509,0,E02000001,574,E02000595,118,E02000001E02000595,21,405,544,5.32482704,1.8126931,5.269599935,1.77990477,3
510,0,E02000001,575,E02000596,122,E02000001E02000596,16,438,576,5.32482704,1.8126931,5.261900589,1.778844537,3
511,0,E02000001,576,E02000597,41,E02000001E02000597,13,159,213,5.32482704,1.8126931,5.263821018,1.77326767,3
512,0,E02000001,577,E02000598,10,E02000001E02000598,2,131,143,5.32482704,1.8126931,5.182273379,1.710426458,3
513,0,E02000001,578,E02000599,31,E02000001E02000599,2,153,186,5.32482704,1.8126931,5.209153891,1.70596808,3
514,0,E02000001,579,E02000600,14,E02000001E02000600,3,176,193,5.32482704,1.8126931,5.194711017,1.701517565,3
515,0,E02000001,582,E02000603,12,E02000001E02000603,3,85,100,5.32482704,1.8126931,5.199639173,1.68873849,3
516,0,E02000001,586,E02000607,6,E02000001E02000607,2,153,161,5.32482704,1.8126931,5.191950892,1.680073778,3
517,0,E02000001,588,E02000609,10,E02000001E02000609,2,87,99,5.32482704,1.8126931,5.211124814,1.671186127,3
518,0,E02000001,590,E02000611,9,E02000001E02000611,2,103,114,5.32482704,1.8126931,5.197889262,1.669009432,3
519,0,E02000001,592,E02000613,8,E02000001E02000613,1,177,186,5.32482704,1.8126931,5.184336765,1.660235454,3
520,0,E02000001,593,E02000614,9,E02000001E02000614,1,62,72,5.32482704,1.8126931,5.198426054,1.655123724,3
521,0,E02000001,595,E02000616,8,E02000001E02000616,1,42,51,5.32482704,1.8126931,5.188983417,1.639206303,3
522,0,E02000001,597,E02000619,12,E02000001E02000619,115,75,202,5.32482704,1.8126931,5.31171442,1.787554185,3
523,0,E02000001,598,E02000620,15,E02000001E02000620,104,165,284,5.32482704,1.8126931,5.30945732,1.78266393,3
524,0,E02000001,599,E02000621,19,E02000001E02000621,90,303,412,5.32482704,1.8126931,5.304095863,1.775306966,3
525,0,E02000001,600,E02000622,10,E02000001E02000622,69,207,286,5.32482704,1.8126931,5.313599289,1.773789522,3
526,0,E02000001,601,E02000623,12,E02000001E02000623,37,115,164,5.32482704,1.8126931,5.302851823,1.769584905,3
527,0,E02000001,602,E02000624,7,E02000001E02000624,112,129,248,5.32482704,1.8126931,5.311672541,1.767908877,3
528,0,E02000001,603,E02000625,9,E02000001E02000625,38,159,206,5.32482704,1.8126931,5.29950168,1.764338296,3
529,0,E02000001,604,E02000626,8,E02000001E02000626,64,49,121,5.32482704,1.8126931,5.317634641,1.762805875,3
530,0,E02000001,605,E02000627,18,E02000001E02000627,32,397,447,5.32482704,1.8126931,5.305239441,1.760368528,3
531,0,E02000001,606,E02000628,6,E02000001E02000628,75,117,198,5.32482704,1.8126931,5.312141136,1.758685115,3
532,0,E02000001,607,E02000629,21,E02000001E02000629,30,587,638,5.32482704,1.8126931,5.296971228,1.758924596,3
533,0,E02000001,608,E02000630,39,E02000001E02000630,34,478,551,5.32482704,1.8126931,5.289757906,1.756227043,3
534,0,E02000001,609,E02000631,11,E02000001E02000631,66,211,288,5.32482704,1.8126931,5.322865435,1.755562686,3
535,0,E02000001,610,E02000632,17,E02000001E02000632,25,701,743,5.32482704,1.8126931,5.303354943,1.752653844,3
536,0,E02000001,611,E02000633,8,E02000001E02000633,51,187,246,5.32482704,1.8126931,5.310008192,1.750935713,3
537,0,E02000001,612,E02000634,19,E02000001E02000634,18,365,402,5.32482704,1.8126931,5.297200273,1.750533429,3
538,0,E02000001,613,E02000635,10,E02000001E02000635,43,256,309,5.32482704,1.8126931,5.31649964,1.745682513,3
539,0,E02000001,614,E02000636,66,E02000001E02000636,15,717,798,5.32482704,1.8126931,5.292414386,1.746315735,3
540,0,E02000001,615,E02000637,14,E02000001E02000637,59,218,291,5.32482704,1.8126931,5.308501731,1.742849865,3
541,0,E02000001,616,E02000638,8,E02000001E02000638,93,215,316,5.32482704,1.8126931,5.304223556,1.739880881,3
542,0,E02000001,617,E02000639,7,E02000001E02000639,57,130,194,5.32482704,1.8126931,5.300455425,1.737247002,3
543,0,E02000001,618,E02000640,19,E02000001E02000640,9,532,560,5.32482704,1.8126931,5.294239787,1.735690679,3
544,0,E02000001,619,E02000641,7,E02000001E02000641,51,94,152,5.32482704,1.8126931,5.311446439,1.734583853,3
545,0,E02000001,620,E02000642,9,E02000001E02000642,28,294,331,5.32482704,1.8126931,5.321071036,1.732523567,3
546,0,E02000001,621,E02000643,24,E02000001E02000643,45,219,288,5.32482704,1.8126931,5.303177257,1.72827695,3
547,0,E02000001,622,E02000644,13,E02000001E02000644,43,182,238,5.32482704,1.8126931,5.312117532,1.724841258,3
548,0,E02000001,623,E02000645,14,E02000001E02000645,19,268,301,5.32482704,1.8126931,5.321647234,1.722353029,3
549,0,E02000001,624,E02000646,11,E02000001E02000646,63,214,288,5.32482704,1.8126931,5.300098543,1.722557249,3
550,0,E02000001,625,E02000647,11,E02000001E02000647,31,168,210,5.32482704,1.8126931,5.3122826,1.715696373,3
551,0,E02000001,626,E02000648,10,E02000001E02000648,20,86,116,5.32482704,1.8126931,5.322142979,1.714047062,3
552,0,E02000001,627,E02000649,14,E02000001E02000649,44,298,356,5.32482704,1.8126931,5.300566522,1.713521854,3
553,0,E02000001,628,E02000650,6,E02000001E02000650,12,144,162,5.32482704,1.8126931,5.330182307,1.711989965,3
554,0,E02000001,629,E02000651,4,E02000001E02000651,11,190,205,5.32482704,1.8126931,5.304112256,1.705690473,3
555,0,E02000001,630,E02000652,7,E02000001E02000652,2,99,108,5.32482704,1.8126931,5.295807362,1.700928545,3
556,0,E02000001,631,E02000653,18,E02000001E02000653,58,208,284,5.32482704,1.8126931,5.361826075,1.785172001,3
557,0,E02000001,632,E02000654,2,E02000001E02000654,59,80,141,5.32482704,1.8126931,5.367034083,1.779405148,3
558,0,E02000001,633,E02000655,8,E02000001E02000655,114,106,228,5.32482704,1.8126931,5.357056757,1.775522445,3
559,0,E02000001,634,E02000657,8,E02000001E02000657,46,222,276,5.32482704,1.8126931,5.367472311,1.765562285,3
560,0,E02000001,635,E02000658,11,E02000001E02000658,52,122,185,5.32482704,1.8126931,5.357400574,1.765456182,3
561,0,E02000001,636,E02000659,13,E02000001E02000659,8,342,363,5.32482704,1.8126931,5.38620022,1.761234609,3
562,0,E02000001,637,E02000660,5,E02000001E02000660,17,353,375,5.32482704,1.8126931,5.370938247,1.760478943,3
563,0,E02000001,638,E02000661,12,E02000001E02000661,12,407,431,5.32482704,1.8126931,5.394704434,1.760602895,3
564,0,E02000001,639,E02000662,3,E02000001E02000662,25,160,188,5.32482704,1.8126931,5.361210323,1.756389331,3
565,0,E02000001,640,E02000663,8,E02000001E02000663,11,154,173,5.32482704,1.8126931,5.375303077,1.755576086,3
566,0,E02000001,641,E02000664,5,E02000001E02000664,17,268,290,5.32482704,1.8126931,5.382030336,1.752267716,3
567,0,E02000001,642,E02000665,13,E02000001E02000665,11,249,273,5.32482704,1.8126931,5.393117852,1.748723207,3
568,0,E02000001,643,E02000666,9,E02000001E02000666,12,162,183,5.32482704,1.8126931,5.370925442,1.749292936,3
569,0,E02000001,644,E02000667,9,E02000001E02000667,10,145,164,5.32482704,1.8126931,5.366133892,1.744994572,3
570,0,E02000001,645,E02000668,13,E02000001E02000668,3,235,251,5.32482704,1.8126931,5.39746685,1.74245085,3
571,0,E02000001,646,E02000669,9,E02000001E02000669,9,259,277,5.32482704,1.8126931,5.387817803,1.741303543,3
572,0,E02000001,647,E02000670,5,E02000001E02000670,10,101,116,5.32482704,1.8126931,5.382101779,1.7382587,3
573,0,E02000001,648,E02000671,6,E02000001E02000671,12,250,268,5.32482704,1.8126931,5.362124272,1.737582095,3
574,0,E02000001,649,E02000672,10,E02000001E02000672,21,143,174,5.32482704,1.8126931,5.37350008,1.736979436,3
575,0,E02000001,650,E02000673,9,E02000001E02000673,23,264,296,5.32482704,1.8126931,5.351958961,1.735230053,3
576,0,E02000001,651,E02000674,10,E02000001E02000674,9,130,149,5.32482704,1.8126931,5.389636918,1.732496435,3
577,0,E02000001,652,E02000675,9,E02000001E02000675,9,217,235,5.32482704,1.8126931,5.403642781,1.731775472,3
578,0,E02000001,653,E02000676,10,E02000001E02000676,11,206,227,5.32482704,1.8126931,5.361792525,1.729827762,3
579,0,E02000001,654,E02000677,18,E02000001E02000677,6,121,145,5.32482704,1.8126931,5.381463371,1.728597946,3
580,0,E02000001,655,E02000678,4,E02000001E02000678,2,73,79,5.32482704,1.8126931,5.39712555,1.726265611,3
581,0,E02000001,656,E02000679,9,E02000001E02000679,11,219,239,5.32482704,1.8126931,5.359063694,1.723588024,3
582,0,E02000001,657,E02000680,6,E02000001E02000680,8,134,148,5.32482704,1.8126931,5.348771115,1.724471585,3
583,0,E02000001,658,E02000681,10,E02000001E02000681,8,96,114,5.32482704,1.8126931,5.370955342,1.723939691,3
584,0,E02000001,659,E02000682,8,E02000001E02000682,9,61,78,5.32482704,1.8126931,5.386344882,1.721405717,3
585,0,E02000001,660,E02000683,7,E02000001E02000683,10,140,157,5.32482704,1.8126931,5.412767662,1.720137532,3
586,0,E02000001,661,E02000685,11,E02000001E02000685,17,174,202,5.32482704,1.8126931,5.347515178,1.717547641,3
587,0,E02000001,662,E02000686,7,E02000001E02000686,10,66,83,5.32482704,1.8126931,5.376318932,1.7118858,3
588,0,E02000001,663,E02000687,12,E02000001E02000687,9,172,193,5.32482704,1.8126931,5.35744042,1.714508328,3
589,0,E02000001,665,E02000690,46,E02000001E02000690,1,284,331,5.32482704,1.8126931,5.23069437,1.714188906,3
590,0,E02000001,666,E02000691,11,E02000001E02000691,2,407,420,5.32482704,1.8126931,5.253334034,1.710540628,3
591,0,E02000001,667,E02000692,15,E02000001E02000692,1,531,547,5.32482704,1.8126931,5.242455906,1.706935941,3
592,0,E02000001,668,E02000693,10,E02000001E02000693,2,389,401,5.32482704,1.8126931,5.268016247,1.705025691,3
593,0,E02000001,669,E02000694,7,E02000001E02000694,1,500,508,5.32482704,1.8126931,5.26049391,1.705229644,3
594,0,E02000001,670,E02000695,9,E02000001E02000695,10,89,108,5.32482704,1.8126931,5.285546441,1.702574458,3
595,0,E02000001,671,E02000696,7,E02000001E02000696,2,178,187,5.32482704,1.8126931,5.274650601,1.700889058,3
596,0,E02000001,672,E02000697,8,E02000001E02000697,1,587,596,5.32482704,1.8126931,5.253905812,1.699489769,3
597,0,E02000001,675,E02000700,2,E02000001E02000700,1,138,141,5.32482704,1.8126931,5.264688018,1.694501169,3
598,0,E02000001,676,E02000701,13,E02000001E02000701,7,81,101,5.32482704,1.8126931,5.280384675,1.694705971,3
599,0,E02000001,677,E02000702,7,E02000001E02000702,6,75,88,5.32482704,1.8126931,5.288057406,1.687768514,3
600,0,E02000001,678,E02000703,9,E02000001E02000703,1,224,234,5.32482704,1.8126931,5.251989506,1.690863793,3
601,0,E02000001,679,E02000704,9,E02000001E02000704,5,259,273,5.32482704,1.8126931,5.232361066,1.689430343,3
602,0,E02000001,680,E02000705,8,E02000001E02000705,10,83,101,5.32482704,1.8126931,5.294917178,1.690430258,3
603,0,E02000001,681,E02000706,2,E02000001E02000706,5,62,69,5.32482704,1.8126931,5.27297425,1.689893033,3
604,0,E02000001,682,E02000707,6,E02000001E02000707,7,36,49,5.32482704,1.8126931,5.299290934,1.681602649,3
605,0,E02000001,684,E02000709,9,E02000001E02000709,1,139,149,5.32482704,1.8126931,5.243077247,1.680400059,3
606,0,E02000001,685,E02000710,4,E02000001E02000710,4,70,78,5.32482704,1.8126931,5.277177287,1.678769941,3
607,0,E02000001,686,E02000711,7,E02000001E02000711,7,108,122,5.32482704,1.8126931,5.259074205,1.680956354,3
608,0,E02000001,687,E02000712,3,E02000001E02000712,2,83,88,5.32482704,1.8126931,5.25395169,1.672844634,3
609,0,E02000001,688,E02000713,14,E02000001E02000713,2,84,100,5.32482704,1.8126931,5.238236076,1.668844689,3
610,0,E02000001,689,E02000714,11,E02000001E02000714,46,148,205,5.32482704,1.8126931,5.403562909,1.856662204,3
611,0,E02000001,690,E02000715,4,E02000001E02000715,16,91,111,5.32482704,1.8126931,5.429478334,1.857237303,3
612,0,E02000001,691,E02000716,2,E02000001E02000716,12,108,122,5.32482704,1.8126931,5.419795715,1.860104003,3
613,0,E02000001,692,E02000717,9,E02000001E02000717,12,104,125,5.32482704,1.8126931,5.422115293,1.854257883,3
614,0,E02000001,693,E02000718,5,E02000001E02000718,7,55,67,5.32482704,1.8126931,5.431521064,1.853079334,3
615,0,E02000001,694,E02000719,10,E02000001E02000719,13,172,195,5.32482704,1.8126931,5.397104096,1.852942273,3
616,0,E02000001,695,E02000720,4,E02000001E02000720,6,104,114,5.32482704,1.8126931,5.410642995,1.853112086,3
617,0,E02000001,696,E02000721,9,E02000001E02000721,18,109,136,5.32482704,1.8126931,5.406303465,1.848319936,3
618,0,E02000001,697,E02000722,7,E02000001E02000722,11,236,254,5.32482704,1.8126931,5.396822147,1.847147044,3
619,0,E02000001,698,E02000723,10,E02000001E02000723,8,180,198,5.32482704,1.8126931,5.423671607,1.846488685,3
620,0,E02000001,699,E02000724,3,E02000001E02000724,15,96,114,5.32482704,1.8126931,5.417640088,1.846521751,3
621,0,E02000001,700,E02000725,3,E02000001E02000725,27,372,402,5.32482704,1.8126931,5.38983017,1.845300484,3
622,0,E02000001,701,E02000726,14,E02000001E02000726,35,408,457,5.32482704,1.8126931,5.382320665,1.841743868,3
623,0,E02000001,702,E02000727,6,E02000001E02000727,3,111,120,5.32482704,1.8126931,5.413547473,1.842580871,3
624,0,E02000001,703,E02000728,7,E02000001E02000728,1,125,133,5.32482704,1.8126931,5.430421046,1.843413055,3
625,0,E02000001,704,E02000729,9,E02000001E02000729,5,111,125,5.32482704,1.8126931,5.401299538,1.841051424,3
626,0,E02000001,705,E02000730,8,E02000001E02000730,7,129,144,5.32482704,1.8126931,5.408040593,1.840819371,3
627,0,E02000001,706,E02000731,4,E02000001E02000731,9,122,135,5.32482704,1.8126931,5.423610725,1.837217188,3
628,0,E02000001,707,E02000732,2,E02000001E02000732,13,78,93,5.32482704,1.8126931,5.417397189,1.836494685,3
629,0,E02000001,708,E02000733,9,E02000001E02000733,11,179,199,5.32482704,1.8126931,5.393558467,1.836116379,3
630,0,E02000001,709,E02000734,13,E02000001E02000734,7,127,147,5.32482704,1.8126931,5.400407076,1.835488817,3
631,0,E02000001,710,E02000735,3,E02000001E02000735,14,92,109,5.32482704,1.8126931,5.409462248,1.833489658,3
632,0,E02000001,711,E02000736,15,E02000001E02000736,5,77,97,5.32482704,1.8126931,5.435139387,1.832579166,3
633,0,E02000001,712,E02000737,4,E02000001E02000737,16,114,134,5.32482704,1.8126931,5.426982251,1.830718598,3
634,0,E02000001,713,E02000738,10,E02000001E02000738,18,107,135,5.32482704,1.8126931,5.418203653,1.830223036,3
635,0,E02000001,714,E02000739,11,E02000001E02000739,14,88,113,5.32482704,1.8126931,5.405392126,1.828587622,3
636,0,E02000001,715,E02000740,9,E02000001E02000740,8,113,130,5.32482704,1.8126931,5.393630871,1.826508146,3
637,0,E02000001,716,E02000741,6,E02000001E02000741,29,97,132,5.32482704,1.8126931,5.412335342,1.825030465,3
638,0,E02000001,717,E02000742,12,E02000001E02000742,17,90,119,5.32482704,1.8126931,5.424106685,1.823794633,3
639,0,E02000001,718,E02000743,5,E02000001E02000743,22,91,118,5.32482704,1.8126931,5.399600199,1.821319444,3
640,0,E02000001,719,E02000744,3,E02000001E02000744,18,93,114,5.32482704,1.8126931,5.406488986,1.81964445,3
641,0,E02000001,720,E02000745,14,E02000001E02000745,9,148,171,5.32482704,1.8126931,5.418579583,1.817703172,3
642,0,E02000001,721,E02000746,11,E02000001E02000746,6,146,163,5.32482704,1.8126931,5.441077585,1.818118908,3
643,0,E02000001,722,E02000747,16,E02000001E02000747,27,528,571,5.32482704,1.8126931,5.396124938,1.813437902,3
644,0,E02000001,723,E02000748,11,E02000001E02000748,4,108,123,5.32482704,1.8126931,5.42498291,1.811539408,3
645,0,E02000001,724,E02000749,7,E02000001E02000749,17,94,118,5.32482704,1.8126931,5.410475364,1.811029729,3
646,0,E02000001,725,E02000750,28,E02000001E02000750,5,462,495,5.32482704,1.8126931,5.421398873,1.802082145,3
647,0,E02000001,727,E02000752,7,E02000001E02000752,1,116,124,5.32482704,1.8126931,5.47537618,1.923293457,3
648,0,E02000001,729,E02000754,7,E02000001E02000754,1,239,247,5.32482704,1.8126931,5.415040659,1.920973534,3
649,0,E02000001,730,E02000755,13,E02000001E02000755,2,135,150,5.32482704,1.8126931,5.421858849,1.915928438,3
650,0,E02000001,731,E02000756,36,E02000001E02000756,1,374,411,5.32482704,1.8126931,5.444376678,1.911182445,3
651,0,E02000001,732,E02000757,27,E02000001E02000757,2,592,621,5.32482704,1.8126931,5.401412025,1.906768862,3
652,0,E02000001,733,E02000758,15,E02000001E02000758,4,96,115,5.32482704,1.8126931,5.428028205,1.905030508,3
653,0,E02000001,734,E02000759,15,E02000001E02000759,3,444,462,5.32482704,1.8126931,5.412401584,1.903264147,3
654,0,E02000001,735,E02000760,18,E02000001E02000760,2,161,181,5.32482704,1.8126931,5.438812738,1.902134563,3
655,0,E02000001,736,E02000762,5,E02000001E02000762,1,164,170,5.32482704,1.8126931,5.432259069,1.890890801,3
656,0,E02000001,737,E02000763,9,E02000001E02000763,4,144,157,5.32482704,1.8126931,5.464085436,1.901828023,3
657,0,E02000001,738,E02000764,28,E02000001E02000764,5,621,654,5.32482704,1.8126931,5.401381865,1.890846654,3
658,0,E02000001,740,E02000767,8,E02000001E02000767,5,215,228,5.32482704,1.8126931,5.44340873,1.887913492,3
659,0,E02000001,742,E02000769,15,E02000001E02000769,3,334,352,5.32482704,1.8126931,5.472507234,1.88403817,3
660,0,E02000001,743,E02000770,10,E02000001E02000770,2,155,167,5.32482704,1.8126931,5.453870163,1.881098799,3
661,0,E02000001,744,E02000772,5,E02000001E02000772,4,175,184,5.32482704,1.8126931,5.464490428,1.881252739,3
662,0,E02000001,745,E02000773,10,E02000001E02000773,6,184,200,5.32482704,1.8126931,5.444027411,1.876550342,3
663,0,E02000001,746,E02000774,9,E02000001E02000774,1,112,122,5.32482704,1.8126931,5.456310727,1.87559498,3
664,0,E02000001,747,E02000776,6,E02000001E02000776,2,154,162,5.32482704,1.8126931,5.439716439,1.871964788,3
665,0,E02000001,748,E02000777,7,E02000001E02000777,1,169,177,5.32482704,1.8126931,5.409397134,1.868656051,3
666,0,E02000001,749,E02000779,9,E02000001E02000779,4,206,219,5.32482704,1.8126931,5.431714786,1.867449352,3
667,0,E02000001,750,E02000780,16,E02000001E02000780,27,280,323,5.32482704,1.8126931,5.443785499,1.862862499,3
668,0,E02000001,751,E02000781,17,E02000001E02000781,5,271,293,5.32482704,1.8126931,5.454845924,1.860073016,3
669,0,E02000001,752,E02000782,5,E02000001E02000782,9,131,145,5.32482704,1.8126931,5.436866872,1.857153971,3
670,0,E02000001,753,E02000783,7,E02000001E02000783,3,66,76,5.32482704,1.8126931,5.442683231,1.852180242,3
671,0,E02000001,754,E02000784,48,E02000001E02000784,4,379,431,5.32482704,1.8126931,5.224989975,1.770974051,3
672,0,E02000001,755,E02000785,23,E02000001E02000785,3,377,403,5.32482704,1.8126931,5.182705416,1.763422918,3
673,0,E02000001,756,E02000786,32,E02000001E02000786,4,416,452,5.32482704,1.8126931,5.216508709,1.758939027,3
674,0,E02000001,758,E02000788,28,E02000001E02000788,4,297,329,5.32482704,1.8126931,5.204940186,1.753342489,3
675,0,E02000001,761,E02000791,23,E02000001E02000791,1,323,347,5.32482704,1.8126931,5.180896988,1.74526765,3
676,0,E02000001,762,E02000792,14,E02000001E02000792,2,249,265,5.32482704,1.8126931,5.172558205,1.739595832,3
677,0,E02000001,765,E02000795,20,E02000001E02000795,1,172,193,5.32482704,1.8126931,5.19706697,1.728381959,3
678,0,E02000001,768,E02000798,14,E02000001E02000798,2,150,166,5.32482704,1.8126931,5.141830835,1.72436821,3
679,0,E02000001,769,E02000799,7,E02000001E02000799,1,133,141,5.32482704,1.8126931,5.155528008,1.723865689,3
680,0,E02000001,771,E02000801,10,E02000001E02000801,3,156,169,5.32482704,1.8126931,5.156878333,1.716013743,3
681,0,E02000001,773,E02000803,7,E02000001E02000803,4,61,72,5.32482704,1.8126931,5.130739885,1.711276717,3
682,0,E02000001,776,E02000806,5,E02000001E02000806,1,161,167,5.32482704,1.8126931,5.148353472,1.691220089,3
683,0,E02000001,777,E02000807,26,E02000001E02000807,164,490,680,5.32482704,1.8126931,5.359533037,1.800915855,3
684,0,E02000001,778,E02000808,32,E02000001E02000808,105,93,230,5.32482704,1.8126931,5.321664469,1.800739928,3
685,0,E02000001,779,E02000809,85,E02000001E02000809,236,153,474,5.32482704,1.8126931,5.334551507,1.798164567,3
686,0,E02000001,780,E02000810,23,E02000001E02000810,120,117,260,5.32482704,1.8126931,5.341494285,1.79375149,3
687,0,E02000001,781,E02000812,17,E02000001E02000812,160,64,241,5.32482704,1.8126931,5.329977741,1.794053316,3
688,0,E02000001,782,E02000813,15,E02000001E02000813,75,241,331,5.32482704,1.8126931,5.353094393,1.793313579,3
689,0,E02000001,783,E02000814,30,E02000001E02000814,140,414,584,5.32482704,1.8126931,5.362473156,1.793947284,3
690,0,E02000001,784,E02000815,8,E02000001E02000815,96,65,169,5.32482704,1.8126931,5.323145159,1.791904528,3
691,0,E02000001,785,E02000816,20,E02000001E02000816,118,96,234,5.32482704,1.8126931,5.34425247,1.786228727,3
692,0,E02000001,786,E02000817,7,E02000001E02000817,67,77,151,5.32482704,1.8126931,5.35059245,1.786398237,3
693,0,E02000001,787,E02000818,10,E02000001E02000818,107,41,158,5.32482704,1.8126931,5.325472243,1.785829424,3
694,0,E02000001,788,E02000819,16,E02000001E02000819,196,23,235,5.32482704,1.8126931,5.337858025,1.785424554,3
695,0,E02000001,789,E02000820,4,E02000001E02000820,118,139,261,5.32482704,1.8126931,5.318327133,1.782378611,3
696,0,E02000001,790,E02000821,7,E02000001E02000821,98,23,128,5.32482704,1.8126931,5.334702736,1.780943222,3
697,0,E02000001,791,E02000822,3,E02000001E02000822,114,24,141,5.32482704,1.8126931,5.328182449,1.78066534,3
698,0,E02000001,792,E02000823,8,E02000001E02000823,135,62,205,5.32482704,1.8126931,5.323261218,1.776806012,3
699,0,E02000001,793,E02000824,6,E02000001E02000824,92,14,112,5.32482704,1.8126931,5.345490001,1.776387382,3
700,0,E02000001,794,E02000825,13,E02000001E02000825,116,33,162,5.32482704,1.8126931,5.335735896,1.772266478,3
701,0,E02000001,795,E02000826,7,E02000001E02000826,136,30,173,5.32482704,1.8126931,5.329712149,1.770710915,3
702,0,E02000001,796,E02000827,5,E02000001E02000827,130,54,189,5.32482704,1.8126931,5.322707511,1.76953483,3
703,0,E02000001,797,E02000828,7,E02000001E02000828,86,50,143,5.32482704,1.8126931,5.343218495,1.768435229,3
704,0,E02000001,798,E02000829,16,E02000001E02000829,80,158,254,5.32482704,1.8126931,5.349944028,1.767610342,3
705,0,E02000001,799,E02000830,14,E02000001E02000830,92,186,292,5.32482704,1.8126931,5.332073373,1.762076499,3
706,0,E02000001,800,E02000831,16,E02000001E02000831,53,239,308,5.32482704,1.8126931,5.340256384,1.76108578,3
707,0,E02000001,801,E02000832,9,E02000001E02000832,65,126,200,5.32482704,1.8126931,5.349459746,1.758194104,3
708,0,E02000001,802,E02000833,5,E02000001E02000833,47,120,172,5.32482704,1.8126931,5.330331954,1.753793495,3
709,0,E02000001,803,E02000834,18,E02000001E02000834,80,330,428,5.32482704,1.8126931,5.34319919,1.750692915,3
710,0,E02000001,804,E02000835,16,E02000001E02000835,55,118,189,5.32482704,1.8126931,5.355018502,1.748412485,3
711,0,E02000001,805,E02000836,28,E02000001E02000836,56,341,425,5.32482704,1.8126931,5.336431971,1.746211612,3
712,0,E02000001,806,E02000837,41,E02000001E02000837,18,383,442,5.32482704,1.8126931,5.329703977,1.739601623,3
713,0,E02000001,807,E02000838,14,E02000001E02000838,94,212,320,5.32482704,1.8126931,5.34404656,1.739213463,3
714,0,E02000001,808,E02000839,21,E02000001E02000839,29,189,239,5.32482704,1.8126931,5.336486329,1.723529184,3
715,0,E02000001,809,E02000840,5,E02000001E02000840,3,48,56,5.32482704,1.8126931,5.274849824,1.669137382,3
716,0,E02000001,810,E02000841,5,E02000001E02000841,1,36,42,5.32482704,1.8126931,5.263310305,1.664422718,3
717,0,E02000001,813,E02000844,7,E02000001E02000844,2,58,67,5.32482704,1.8126931,5.273610415,1.657818574,3
718,0,E02000001,814,E02000845,10,E02000001E02000845,1,165,176,5.32482704,1.8126931,5.227083551,1.659835871,3
719,0,E02000001,815,E02000846,7,E02000001E02000846,4,58,69,5.32482704,1.8126931,5.258926536,1.656860972,3
720,0,E02000001,816,E02000847,7,E02000001E02000847,1,113,121,5.32482704,1.8126931,5.232234531,1.654486771,3
721,0,E02000001,818,E02000849,11,E02000001E02000849,2,94,107,5.32482704,1.8126931,5.28808966,1.649455104,3
722,0,E02000001,819,E02000850,10,E02000001E02000850,2,95,107,5.32482704,1.8126931,5.296988588,1.657925493,3
723,0,E02000001,820,E02000851,7,E02000001E02000851,1,91,99,5.32482704,1.8126931,5.260187065,1.646330211,3
724,0,E02000001,821,E02000852,6,E02000001E02000852,3,84,93,5.32482704,1.8126931,5.267932164,1.647187227,3
725,0,E02000001,822,E02000853,6,E02000001E02000853,2,82,90,5.32482704,1.8126931,5.249880275,1.646060576,3
726,0,E02000001,825,E02000856,12,E02000001E02000856,5,132,149,5.32482704,1.8126931,5.292079104,1.636953258,3
727,0,E02000001,828,E02000859,2,E02000001E02000859,2,112,116,5.32482704,1.8126931,5.284511058,1.632370233,3
728,0,E02000001,829,E02000860,6,E02000001E02000860,2,139,147,5.32482704,1.8126931,5.261775554,1.631849523,3
729,0,E02000001,830,E02000861,8,E02000001E02000861,1,172,181,5.32482704,1.8126931,5.268568668,1.627062407,3
730,0,E02000001,831,E02000863,7,E02000001E02000863,1,104,112,5.32482704,1.8126931,5.285933523,1.615858682,3
731,0,E02000001,832,E02000864,11,E02000001E02000864,77,134,222,5.32482704,1.8126931,5.368013691,1.84035658,3
732,0,E02000001,833,E02000865,4,E02000001E02000865,56,100,160,5.32482704,1.8126931,5.350703092,1.832393449,3
733,0,E02000001,834,E02000866,10,E02000001E02000866,96,270,376,5.32482704,1.8126931,5.361187074,1.832711782,3
734,0,E02000001,835,E02000867,18,E02000001E02000867,70,494,582,5.32482704,1.8126931,5.372173419,1.832741903,3
735,0,E02000001,836,E02000868,3,E02000001E02000868,89,65,157,5.32482704,1.8126931,5.345332561,1.830431111,3
736,0,E02000001,837,E02000869,14,E02000001E02000869,64,14,92,5.32482704,1.8126931,5.338830384,1.828165504,3
737,0,E02000001,838,E02000870,8,E02000001E02000870,52,158,218,5.32482704,1.8126931,5.354606461,1.827714148,3
738,0,E02000001,839,E02000871,10,E02000001E02000871,46,196,252,5.32482704,1.8126931,5.378832058,1.825587955,3
739,0,E02000001,840,E02000872,8,E02000001E02000872,64,63,135,5.32482704,1.8126931,5.340362503,1.823983118,3
740,0,E02000001,841,E02000873,7,E02000001E02000873,64,135,206,5.32482704,1.8126931,5.359256869,1.825047608,3
741,0,E02000001,842,E02000874,2,E02000001E02000874,51,112,165,5.32482704,1.8126931,5.351754169,1.824407171,3
742,0,E02000001,843,E02000875,12,E02000001E02000875,23,212,247,5.32482704,1.8126931,5.373191615,1.822382348,3
743,0,E02000001,844,E02000876,4,E02000001E02000876,61,123,188,5.32482704,1.8126931,5.34759836,1.821943461,3
744,0,E02000001,845,E02000877,9,E02000001E02000877,36,179,224,5.32482704,1.8126931,5.367639798,1.8198091,3
745,0,E02000001,846,E02000878,6,E02000001E02000878,58,102,166,5.32482704,1.8126931,5.33894896,1.817728528,3
746,0,E02000001,847,E02000879,17,E02000001E02000879,67,103,187,5.32482704,1.8126931,5.355256949,1.816283369,3
747,0,E02000001,848,E02000880,7,E02000001E02000880,60,96,163,5.32482704,1.8126931,5.349860998,1.816191561,3
748,0,E02000001,849,E02000881,7,E02000001E02000881,17,100,124,5.32482704,1.8126931,5.38280969,1.816019493,3
749,0,E02000001,850,E02000882,8,E02000001E02000882,55,145,208,5.32482704,1.8126931,5.361093677,1.81579656,3
750,0,E02000001,851,E02000883,5,E02000001E02000883,38,132,175,5.32482704,1.8126931,5.379485149,1.812687845,3
751,0,E02000001,852,E02000884,18,E02000001E02000884,72,196,286,5.32482704,1.8126931,5.342626283,1.812466191,3
752,0,E02000001,853,E02000885,8,E02000001E02000885,63,83,154,5.32482704,1.8126931,5.351769577,1.810910496,3
753,0,E02000001,854,E02000886,20,E02000001E02000886,69,487,576,5.32482704,1.8126931,5.36692939,1.810362637,3
754,0,E02000001,855,E02000887,14,E02000001E02000887,57,174,245,5.32482704,1.8126931,5.37422521,1.810165991,3
755,0,E02000001,856,E02000888,30,E02000001E02000888,71,456,557,5.32482704,1.8126931,5.355477515,1.808869213,3
756,0,E02000001,857,E02000889,37,E02000001E02000889,105,128,270,5.32482704,1.8126931,5.344739535,1.805890191,3
757,0,E02000001,858,E02000890,59,E02000001E02000890,222,164,445,5.32482704,1.8126931,5.343554869,1.804030786,3
758,0,E02000001,859,E02000891,30,E02000001E02000891,40,939,1009,5.32482704,1.8126931,5.383918951,1.803085142,3
759,0,E02000001,860,E02000893,17,E02000001E02000893,19,282,318,5.32482704,1.8126931,5.383112186,1.78812765,3
760,0,E02000001,861,E02000894,42,E02000001E02000894,85,722,849,5.32482704,1.8126931,5.375830486,1.786668997,3
761,0,E02000001,862,E02000895,15,E02000001E02000895,1,118,134,5.32482704,1.8126931,5.378727122,1.947805,3
762,0,E02000001,863,E02000896,10,E02000001E02000896,3,361,374,5.32482704,1.8126931,5.391988351,1.946170895,3
763,0,E02000001,864,E02000897,8,E02000001E02000897,3,164,175,5.32482704,1.8126931,5.393129781,1.930526547,3
764,0,E02000001,865,E02000898,12,E02000001E02000898,4,174,190,5.32482704,1.8126931,5.38163223,1.929470435,3
765,0,E02000001,866,E02000899,14,E02000001E02000899,4,138,156,5.32482704,1.8126931,5.373404494,1.929320208,3
766,0,E02000001,867,E02000900,12,E02000001E02000900,5,111,128,5.32482704,1.8126931,5.368266166,1.921330229,3
767,0,E02000001,868,E02000901,22,E02000001E02000901,3,313,338,5.32482704,1.8126931,5.389489869,1.917496722,3
768,0,E02000001,869,E02000902,6,E02000001E02000902,9,154,169,5.32482704,1.8126931,5.378701414,1.913263333,3
769,0,E02000001,870,E02000903,4,E02000001E02000903,9,91,104,5.32482704,1.8126931,5.363360965,1.909558148,3
770,0,E02000001,871,E02000904,20,E02000001E02000904,4,144,168,5.32482704,1.8126931,5.387803845,1.905933506,3
771,0,E02000001,872,E02000905,12,E02000001E02000905,15,158,185,5.32482704,1.8126931,5.373645241,1.901968459,3
772,0,E02000001,873,E02000906,5,E02000001E02000906,6,136,147,5.32482704,1.8126931,5.367154641,1.898201791,3
773,0,E02000001,874,E02000907,6,E02000001E02000907,11,122,139,5.32482704,1.8126931,5.383150932,1.896193724,3
774,0,E02000001,875,E02000908,14,E02000001E02000908,9,167,190,5.32482704,1.8126931,5.355826045,1.896036479,3
775,0,E02000001,876,E02000909,2,E02000001E02000909,11,166,179,5.32482704,1.8126931,5.38766136,1.89298642,3
776,0,E02000001,877,E02000910,3,E02000001E02000910,29,226,258,5.32482704,1.8126931,5.374255855,1.889063255,3
777,0,E02000001,878,E02000911,5,E02000001E02000911,5,202,212,5.32482704,1.8126931,5.366251407,1.888602055,3
778,0,E02000001,879,E02000912,12,E02000001E02000912,16,113,141,5.32482704,1.8126931,5.356847631,1.881745772,3
779,0,E02000001,880,E02000913,5,E02000001E02000913,11,143,159,5.32482704,1.8126931,5.386114933,1.88187949,3
780,0,E02000001,881,E02000914,9,E02000001E02000914,38,109,156,5.32482704,1.8126931,5.377609021,1.880094742,3
781,0,E02000001,882,E02000915,9,E02000001E02000915,3,289,301,5.32482704,1.8126931,5.39279834,1.881604524,3
782,0,E02000001,883,E02000916,9,E02000001E02000916,77,64,150,5.32482704,1.8126931,5.362760934,1.87235515,3
783,0,E02000001,884,E02000917,3,E02000001E02000917,17,196,216,5.32482704,1.8126931,5.380909342,1.87167459,3
784,0,E02000001,885,E02000918,9,E02000001E02000918,9,285,303,5.32482704,1.8126931,5.395366028,1.871519897,3
785,0,E02000001,886,E02000919,13,E02000001E02000919,7,233,253,5.32482704,1.8126931,5.384768299,1.866969867,3
786,0,E02000001,887,E02000920,5,E02000001E02000920,8,253,266,5.32482704,1.8126931,5.376407201,1.863165728,3
787,0,E02000001,888,E02000921,10,E02000001E02000921,5,184,199,5.32482704,1.8126931,5.38885503,1.861645033,3
788,0,E02000001,889,E02000922,9,E02000001E02000922,22,168,199,5.32482704,1.8126931,5.395917495,1.860232847,3
789,0,E02000001,890,E02000923,66,E02000001E02000923,76,247,389,5.32482704,1.8126931,5.277928941,1.770631268,3
790,0,E02000001,891,E02000924,47,E02000001E02000924,95,298,440,5.32482704,1.8126931,5.290804382,1.770474963,3
791,0,E02000001,892,E02000925,21,E02000001E02000925,88,98,207,5.32482704,1.8126931,5.277107577,1.765250396,3
792,0,E02000001,893,E02000926,42,E02000001E02000926,86,295,423,5.32482704,1.8126931,5.268338234,1.76245824,3
793,0,E02000001,894,E02000927,22,E02000001E02000927,46,259,327,5.32482704,1.8126931,5.283193009,1.759403472,3
794,0,E02000001,895,E02000928,35,E02000001E02000928,6,475,516,5.32482704,1.8126931,5.233757565,1.757593361,3
795,0,E02000001,896,E02000929,4,E02000001E02000929,17,112,133,5.32482704,1.8126931,5.267370958,1.756652557,3
796,0,E02000001,897,E02000930,32,E02000001E02000930,46,654,732,5.32482704,1.8126931,5.275330984,1.757315483,3
797,0,E02000001,898,E02000931,73,E02000001E02000931,47,688,808,5.32482704,1.8126931,5.281645359,1.750995325,3
798,0,E02000001,899,E02000932,40,E02000001E02000932,4,780,824,5.32482704,1.8126931,5.249449505,1.751157678,3
799,0,E02000001,900,E02000933,30,E02000001E02000933,7,471,508,5.32482704,1.8126931,5.230296129,1.750442327,3
800,0,E02000001,901,E02000934,43,E02000001E02000934,21,672,736,5.32482704,1.8126931,5.266093606,1.751016506,3
801,0,E02000001,902,E02000935,11,E02000001E02000935,6,39,56,5.32482704,1.8126931,5.21670003,1.746882794,3
802,0,E02000001,903,E02000936,26,E02000001E02000936,6,519,551,5.32482704,1.8126931,5.240493791,1.744935265,3
803,0,E02000001,904,E02000937,62,E02000001E02000937,8,484,554,5.32482704,1.8126931,5.273502541,1.74220357,3
804,0,E02000001,905,E02000938,24,E02000001E02000938,9,193,226,5.32482704,1.8126931,5.229028937,1.741167562,3
805,0,E02000001,906,E02000939,82,E02000001E02000939,7,543,632,5.32482704,1.8126931,5.281447414,1.742525899,3
806,0,E02000001,907,E02000940,13,E02000001E02000940,12,274,299,5.32482704,1.8126931,5.256096353,1.741833691,3
807,0,E02000001,908,E02000941,45,E02000001E02000941,23,492,560,5.32482704,1.8126931,5.263784637,1.741624096,3
808,0,E02000001,909,E02000942,26,E02000001E02000942,3,416,445,5.32482704,1.8126931,5.247812666,1.738986259,3
809,0,E02000001,910,E02000943,34,E02000001E02000943,8,714,756,5.32482704,1.8126931,5.28435833,1.737697917,3
810,0,E02000001,911,E02000944,3,E02000001E02000944,5,149,157,5.32482704,1.8126931,5.24094784,1.736808937,3
811,0,E02000001,912,E02000945,6,E02000001E02000945,8,55,69,5.32482704,1.8126931,5.225421466,1.72939342,3
812,0,E02000001,913,E02000946,19,E02000001E02000946,4,377,400,5.32482704,1.8126931,5.264552045,1.732918038,3
813,0,E02000001,914,E02000947,27,E02000001E02000947,2,457,486,5.32482704,1.8126931,5.253156781,1.732892178,3
814,0,E02000001,915,E02000948,15,E02000001E02000948,5,808,828,5.32482704,1.8126931,5.290604983,1.726109303,3
815,0,E02000001,916,E02000949,50,E02000001E02000949,3,585,638,5.32482704,1.8126931,5.274572284,1.729366326,3
816,0,E02000001,917,E02000950,18,E02000001E02000950,4,216,238,5.32482704,1.8126931,5.241654619,1.728828555,3
817,0,E02000001,918,E02000951,14,E02000001E02000951,7,345,366,5.32482704,1.8126931,5.280858845,1.726176682,3
818,0,E02000001,919,E02000952,26,E02000001E02000952,4,390,420,5.32482704,1.8126931,5.285338138,1.724143847,3
819,0,E02000001,920,E02000953,8,E02000001E02000953,7,382,397,5.32482704,1.8126931,5.263188485,1.723149631,3
820,0,E02000001,921,E02000954,12,E02000001E02000954,3,208,223,5.32482704,1.8126931,5.278718984,1.719792826,3
821,0,E02000001,923,E02000956,2,E02000001E02000956,5,173,180,5.32482704,1.8126931,5.268219489,1.714800267,3
822,0,E02000001,924,E02000957,8,E02000001E02000957,6,291,305,5.32482704,1.8126931,5.277268087,1.71092795,3
823,0,E02000001,925,E02000958,11,E02000001E02000958,7,122,140,5.32482704,1.8126931,5.287889196,1.712189314,3
824,0,E02000001,926,E02000959,4,E02000001E02000959,11,105,120,5.32482704,1.8126931,5.292590496,1.709932792,3
825,0,E02000001,927,E02000960,43,E02000001E02000960,8,318,369,5.32482704,1.8126931,5.273723424,1.833865277,3
826,0,E02000001,928,E02000961,57,E02000001E02000961,11,409,477,5.32482704,1.8126931,5.260650285,1.832455741,3
827,0,E02000001,929,E02000962,35,E02000001E02000962,20,430,485,5.32482704,1.8126931,5.267988376,1.827616279,3
828,0,E02000001,930,E02000963,12,E02000001E02000963,18,128,158,5.32482704,1.8126931,5.243077234,1.826482735,3
829,0,E02000001,931,E02000964,14,E02000001E02000964,18,265,297,5.32482704,1.8126931,5.248733045,1.825252796,3
830,0,E02000001,932,E02000965,30,E02000001E02000965,7,496,533,5.32482704,1.8126931,5.255511606,1.824642787,3
831,0,E02000001,933,E02000966,66,E02000001E02000966,12,621,699,5.32482704,1.8126931,5.261501133,1.8225197,3
832,0,E02000001,934,E02000967,30,E02000001E02000967,17,504,551,5.32482704,1.8126931,5.278831566,1.825464558,3
833,0,E02000001,935,E02000968,11,E02000001E02000968,19,176,206,5.32482704,1.8126931,5.269639444,1.820629009,3
834,0,E02000001,936,E02000969,9,E02000001E02000969,7,139,155,5.32482704,1.8126931,5.254559716,1.818167907,3
835,0,E02000001,937,E02000970,66,E02000001E02000970,23,587,676,5.32482704,1.8126931,5.28366143,1.813936587,3
836,0,E02000001,938,E02000971,38,E02000001E02000971,13,485,536,5.32482704,1.8126931,5.276255323,1.815247499,3
837,0,E02000001,939,E02000972,33,E02000001E02000972,58,313,404,5.32482704,1.8126931,5.291806031,1.812278109,3
838,0,E02000001,940,E02000973,57,E02000001E02000973,17,681,755,5.32482704,1.8126931,5.254529663,1.813658565,3
839,0,E02000001,941,E02000974,46,E02000001E02000974,12,400,458,5.32482704,1.8126931,5.270272104,1.812535704,3
840,0,E02000001,942,E02000975,46,E02000001E02000975,14,756,816,5.32482704,1.8126931,5.263946062,1.811276689,3
841,0,E02000001,943,E02000976,27,E02000001E02000976,17,723,767,5.32482704,1.8126931,5.258562249,1.809601837,3
842,0,E02000001,944,E02000977,47,E02000001E02000977,70,231,348,5.32482704,1.8126931,5.296306687,1.804179842,3
843,0,E02000001,945,E02000978,148,E02000001E02000978,15,304,467,5.32482704,1.8126931,5.27332931,1.799782969,3
844,0,E02000001,946,E02000979,43,E02000001E02000979,41,394,478,5.32482704,1.8126931,5.295909865,1.794212878,3
845,0,E02000001,947,E02000980,36,E02000001E02000980,37,364,437,5.32482704,1.8126931,5.298525788,1.78671753,3
846,0,E02000001,948,E02000981,89,E02000001E02000981,35,576,700,5.32482704,1.8126931,5.29122791,1.784881898,3
847,0,E02000001,949,E02000982,55,E02000001E02000982,30,304,389,5.32482704,1.8126931,5.286583566,1.784932435,3
848,0,E02000001,950,E02000983,41,E02000001E02000983,31,335,407,5.32482704,1.8126931,5.295073283,1.781298111,3
849,0,E02000001,6640,E02006782,17,E02000001E02006782,4,168,189,5.32482704,1.8126931,5.408606997,1.709497057,3
850,0,E02000001,6641,E02006783,6,E02000001E02006783,5,78,89,5.32482704,1.8126931,5.398910399,1.717854664,3
851,0,E02000001,6642,E02006784,10,E02000001E02006784,11,87,108,5.32482704,1.8126931,5.388605362,1.71123519,3
852,0,E02000001,6643,E02006785,6,E02000001E02006785,1,120,127,5.32482704,1.8126931,5.459039313,1.766307741,3
853,0,E02000001,6644,E02006786,3,E02000001E02006786,6,67,76,5.32482704,1.8126931,5.460407623,1.777166902,3
854,0,E02000001,6645,E02006787,17,E02000001E02006787,2,228,247,5.32482704,1.8126931,5.364174855,1.685106009,3
855,0,E02000001,6646,E02006788,8,E02000001E02006788,1,100,109,5.32482704,1.8126931,5.351957935,1.678868016,3
856,0,E02000001,6647,E02006789,10,E02000001E02006789,1,80,91,5.32482704,1.8126931,5.427811403,1.600235224,3
857,0,E02000001,6649,E02006791,10,E02000001E02006791,2,221,233,5.32482704,1.8126931,5.204915272,1.79151176,3
858,0,E02000001,6650,E02006792,12,E02000001E02006792,1,248,261,5.32482704,1.8126931,5.200000536,1.786111305,3
859,0,E02000001,6651,E02006793,8,E02000001E02006793,7,46,61,5.32482704,1.8126931,5.333091387,1.921106935,3
860,0,E02000001,6652,E02006794,3,E02000001E02006794,15,31,49,5.32482704,1.8126931,5.338145576,1.912417106,3
861,0,E02000001,6653,E02006795,9,E02000001E02006795,2,116,127,5.32482704,1.8126931,5.126212806,1.870299162,3
862,0,E02000001,6654,E02006796,16,E02000001E02006796,2,101,119,5.32482704,1.8126931,5.111419314,1.850458179,3
863,0,E02000001,6655,E02006798,6,E02000001E02006798,28,112,146,5.32482704,1.8126931,5.367766814,1.773365174,3
864,0,E02000001,6656,E02006799,15,E02000001E02006799,8,107,130,5.32482704,1.8126931,5.475481174,1.868087123,3
865,0,E02000001,6657,E02006800,14,E02000001E02006800,5,270,289,5.32482704,1.8126931,5.464035125,1.868615389,3
866,0,E02000001,6658,E02006801,14,E02000001E02006801,68,132,214,5.32482704,1.8126931,5.310044376,1.797340877,3
867,0,E02000001,6659,E02006802,13,E02000001E02006802,112,58,183,5.32482704,1.8126931,5.316623665,1.793819733,3
868,0,E02000001,6693,E02006836,14,E02000001E02006836,1,161,176,5.32482704,1.8126931,5.246933526,1.619327156,3
869,0,E02000001,6710,E02006853,9,E02000001E02006853,24,481,514,5.32482704,1.8126931,5.374089696,1.793714484,3
870,0,E02000001,6711,E02006854,25,E02000001E02006854,28,569,622,5.32482704,1.8126931,5.37419614,1.802202967,3
871,0,E02000001,6739,E02006882,9,E02000001E02006882,2,200,211,5.32482704,1.8126931,5.169137056,1.893190965,3
872,0,E02000001,6775,E02006918,10,E02000001E02006918,53,102,165,5.32482704,1.8126931,5.351541163,1.86787789,3
873,0,E02000001,6778,E02006921,6,E02000001E02006921,31,27,64,5.32482704,1.8126931,5.345818918,1.870443119,3
874,0,E02000001,6780,E02006924,13,E02000001E02006924,8,273,294,5.32482704,1.8126931,5.428033092,1.877676375,3
875,0,E02000001,6781,E02006925,15,E02000001E02006925,2,257,274,5.32482704,1.8126931,5.422737814,1.893510934,3
876,0,E02000001,6783,E02006927,13,E02000001E02006927,9,244,266,5.32482704,1.8126931,5.406904866,1.751784888,3
877,0,E02000001,6784,E02006928,10,E02000001E02006928,17,364,391,5.32482704,1.8126931,5.377001965,1.776162629,3
878,0,E02000001,6785,E02006929,4,E02000001E02006929,7,343,354,5.32482704,1.8126931,5.397478264,1.790788976,3
879,0,E02000001,6786,E02006930,6,E02000001E02006930,1,352,359,5.32482704,1.8126931,5.397753952,1.782775412,3
880,0,E02000001,6787,E02006931,11,E02000001E02006931,10,538,559,5.32482704,1.8126931,5.386212812,1.771522072,3
1,185,E02000191,0,E02000001,2,E02000191E02000001,9,28,39,5.295504248,1.820383576,5.32482704,1.8126931,3
2,186,E02000192,0,E02000001,2,E02000192E02000001,2,7,11,5.310124882,1.819749452,5.32482704,1.8126931,3
3,187,E02000193,0,E02000001,5,E02000193E02000001,27,27,59,5.303671496,1.816254831,5.32482704,1.8126931,3
4,348,E02000363,0,E02000001,4,E02000363E02000001,1,1,6,5.355317057,1.84909825,5.32482704,1.8126931,3
5,356,E02000371,0,E02000001,3,E02000371E02000001,4,14,21,5.331808824,1.826965904,5.32482704,1.8126931,3
6,554,E02000575,0,E02000001,6,E02000575E02000001,3,11,20,5.316069733,1.823816852,5.32482704,1.8126931,3
7,567,E02000588,0,E02000001,2,E02000588E02000001,2,8,12,5.276401221,1.791099182,5.32482704,1.8126931,3
8,778,E02000808,0,E02000001,5,E02000808E02000001,11,7,23,5.321664469,1.800739928,5.32482704,1.8126931,3
9,779,E02000809,0,E02000001,1,E02000809E02000001,5,12,18,5.334551507,1.798164567,5.32482704,1.8126931,3
10,846,E02000878,0,E02000001,2,E02000878E02000001,2,2,6,5.33894896,1.817728528,5.32482704,1.8126931,3
11,858,E02000890,0,E02000001,1,E02000890E02000001,1,4,6,5.343554869,1.804030786,5.32482704,1.8126931,3
12,859,E02000891,0,E02000001,1,E02000891E02000001,4,7,12,5.383918951,1.803085142,5.32482704,1.8126931,3
13,937,E02000970,0,E02000001,3,E02000970E02000001,2,30,35,5.28366143,1.813936587,5.32482704,1.8126931,3
14,938,E02000971,0,E02000001,1,E02000971E02000001,2,8,11,5.276255323,1.815247499,5.32482704,1.8126931,3
15,939,E02000972,0,E02000001,4,E02000972E02000001,21,57,82,5.291806031,1.812278109,5.32482704,1.8126931,3
16,944,E02000977,0,E02000001,8,E02000977E02000001,19,43,70,5.296306687,1.804179842,5.32482704,1.8126931,3
17,945,E02000978,0,E02000001,2,E02000978E02000001,2,8,12,5.27332931,1.799782969,5.32482704,1.8126931,3
18,946,E02000979,0,E02000001,3,E02000979E02000001,5,44,52,5.295909865,1.794212878,5.32482704,1.8126931,3
19,6658,E02006801,0,E02000001,2,E02006801E02000001,8,6,16,5.310044376,1.797340877,5.32482704,1.8126931,3
20,6711,E02006854,0,E02000001,9,E02006854E02000001,3,101,113,5.37419614,1.802202967,5.32482704,1.8126931,3
