"","MSOA11CD","MSOA11NM","POPDEN","o_flow","o_density","d_flow","d_density","diff"
"1","E02000001","City of London 001",25.5,198842,7797.72549019608,789,30.9411764705882,-198053
"2","E02000002","Barking and Dagenham 001",31.3,98,3.13099041533546,691,22.0766773162939,593
"3","E02000003","Barking and Dagenham 002",46.9,1162,24.7761194029851,1763,37.590618336887,601
"4","E02000004","Barking and Dagenham 003",24.8,161,6.49193548387097,845,34.0725806451613,684
"5","E02000005","Barking and Dagenham 004",72.1,121,1.67822468793343,1229,17.0457697642164,1108
"6","E02000007","Barking and Dagenham 006",50.6,1305,25.7905138339921,1261,24.9209486166008,-44
"7","E02000008","Barking and Dagenham 007",81.5,509,6.24539877300614,2062,25.3006134969325,1553
"8","E02000009","Barking and Dagenham 008",87.4,81,0.926773455377574,1316,15.0572082379863,1235
"9","E02000010","Barking and Dagenham 009",76.8,126,1.640625,1240,16.1458333333333,1114
"10","E02000011","Barking and Dagenham 010",38.8,606,15.6185567010309,818,21.0824742268041,212
"11","E02000012","Barking and Dagenham 011",76,207,2.72368421052632,1545,20.3289473684211,1338
"12","E02000013","Barking and Dagenham 012",64.4,175,2.71739130434783,1234,19.1614906832298,1059
"13","E02000014","Barking and Dagenham 013",78.8,352,4.46700507614213,1422,18.0456852791878,1070
"14","E02000015","Barking and Dagenham 014",55.5,256,4.61261261261261,1011,18.2162162162162,755
"15","E02000016","Barking and Dagenham 015",86.6,3275,37.8175519630485,1038,11.986143187067,-2237
"16","E02000017","Barking and Dagenham 016",97,211,2.17525773195876,1110,11.4432989690722,899
"17","E02000018","Barking and Dagenham 017",65.5,94,1.43511450381679,1218,18.5954198473282,1124
"18","E02000019","Barking and Dagenham 018",27.2,1278,46.9852941176471,1149,42.2426470588235,-129
"19","E02000020","Barking and Dagenham 019",27.1,1791,66.0885608856089,1333,49.1881918819188,-458
"20","E02000021","Barking and Dagenham 020",27.4,1388,50.6569343065693,1121,40.9124087591241,-267
"21","E02000022","Barking and Dagenham 021",117.2,462,3.9419795221843,906,7.73037542662116,444
"22","E02000023","Barking and Dagenham 022",37.1,587,15.822102425876,759,20.4582210242588,172
"23","E02000024","Barnet 001",27.1,1602,59.1143911439114,1461,53.9114391143911,-141
"24","E02000025","Barnet 002",33.1,235,7.09969788519637,1204,36.3746223564955,969
"25","E02000026","Barnet 003",43.1,68,1.57772621809745,605,14.0371229698376,537
"26","E02000027","Barnet 004",57.3,880,15.3577661431065,1327,23.1588132635253,447
"27","E02000028","Barnet 005",58.4,370,6.33561643835616,814,13.9383561643836,444
"28","E02000029","Barnet 006",50.6,408,8.06324110671937,1115,22.0355731225296,707
"29","E02000030","Barnet 007",6.3,240,38.0952380952381,980,155.555555555556,740
"30","E02000031","Barnet 008",37.6,1361,36.1968085106383,1259,33.4840425531915,-102
"31","E02000032","Barnet 009",56.2,79,1.40569395017794,989,17.5978647686833,910
"32","E02000033","Barnet 010",48.1,988,20.5405405405405,1527,31.7463617463617,539
"33","E02000034","Barnet 011",54.6,202,3.6996336996337,1540,28.2051282051282,1338
"34","E02000035","Barnet 012",61.4,409,6.66123778501629,1538,25.0488599348534,1129
"35","E02000036","Barnet 013",59.9,150,2.50417362270451,1524,25.4424040066778,1374
"36","E02000037","Barnet 014",22.5,257,11.4222222222222,1141,50.7111111111111,884
"37","E02000038","Barnet 015",59.7,348,5.82914572864322,2204,36.9179229480737,1856
"38","E02000039","Barnet 016",31.3,561,17.9233226837061,868,27.7316293929712,307
"39","E02000040","Barnet 017",14,1198,85.5714285714286,950,67.8571428571429,-248
"40","E02000041","Barnet 018",65.3,1434,21.9601837672282,1180,18.0704441041348,-254
"41","E02000042","Barnet 019",87.7,1419,16.1801596351197,2313,26.3740022805017,894
"42","E02000043","Barnet 020",52.4,9,0.17175572519084,1101,21.0114503816794,1092
"43","E02000044","Barnet 021",72.9,148,2.03017832647462,1213,16.639231824417,1065
"44","E02000045","Barnet 022",59,320,5.42372881355932,2022,34.271186440678,1702
"45","E02000046","Barnet 023",72.9,705,9.67078189300411,1377,18.8888888888889,672
"46","E02000047","Barnet 024",80,591,7.3875,1932,24.15,1341
"47","E02000048","Barnet 025",31.8,276,8.67924528301887,1730,54.4025157232704,1454
"48","E02000049","Barnet 026",107.9,283,2.62279888785913,1245,11.5384615384615,962
"49","E02000050","Barnet 027",47.5,441,9.28421052631579,2144,45.1368421052632,1703
"50","E02000051","Barnet 028",59.7,1318,22.0770519262982,1405,23.534338358459,87
"51","E02000052","Barnet 029",100.1,548,5.47452547452547,2258,22.5574425574426,1710
"52","E02000053","Barnet 030",56.1,1349,24.0463458110517,1572,28.0213903743315,223
"53","E02000054","Barnet 031",48,316,6.58333333333333,1173,24.4375,857
"54","E02000055","Barnet 032",77.3,1854,23.9844760672704,2038,26.3648124191462,184
"55","E02000056","Barnet 033",28.5,299,10.4912280701754,1697,59.5438596491228,1398
"56","E02000057","Barnet 034",68.4,295,4.31286549707602,1085,15.8625730994152,790
"57","E02000058","Barnet 035",56.4,775,13.741134751773,2102,37.2695035460993,1327
"58","E02000059","Barnet 036",47.7,895,18.7631027253669,2016,42.2641509433962,1121
"59","E02000060","Barnet 037",88.6,406,4.5823927765237,1806,20.3837471783296,1400
"60","E02000061","Barnet 038",50.5,1005,19.9009900990099,1687,33.4059405940594,682
"61","E02000062","Barnet 039",34.5,3968,115.014492753623,982,28.463768115942,-2986
"62","E02000063","Barnet 040",67.2,135,2.00892857142857,1260,18.75,1125
"63","E02000064","Barnet 041",78.7,125,1.58831003811944,1081,13.7357052096569,956
"64","E02000065","Bexley 001",23.9,757,31.673640167364,1262,52.8033472803347,505
"65","E02000066","Bexley 002",61.3,127,2.07177814029364,1681,27.4225122349103,1554
"66","E02000067","Bexley 003",37.8,837,22.1428571428571,1614,42.6984126984127,777
"67","E02000068","Bexley 004",32.5,1871,57.5692307692308,1315,40.4615384615385,-556
"68","E02000069","Bexley 005",42.7,154,3.60655737704918,866,20.2810304449649,712
"69","E02000070","Bexley 006",42.4,38,0.89622641509434,1274,30.0471698113208,1236
"70","E02000071","Bexley 007",61.9,309,4.99192245557351,1105,17.8513731825525,796
"71","E02000072","Bexley 008",26.8,743,27.7238805970149,1902,70.9701492537313,1159
"72","E02000073","Bexley 009",67,118,1.76119402985075,1812,27.044776119403,1694
"73","E02000074","Bexley 010",67.8,201,2.9646017699115,1247,18.3923303834808,1046
"74","E02000075","Bexley 011",51.8,64,1.23552123552124,1222,23.5907335907336,1158
"75","E02000077","Bexley 013",70,71,1.01428571428571,1382,19.7428571428571,1311
"76","E02000078","Bexley 014",51.5,101,1.96116504854369,1482,28.7766990291262,1381
"77","E02000079","Bexley 015",47.7,3820,80.083857442348,959,20.104821802935,-2861
"78","E02000080","Bexley 016",55.7,811,14.5601436265709,1609,28.8868940754039,798
"79","E02000081","Bexley 017",34.1,403,11.8181818181818,871,25.5425219941349,468
"80","E02000082","Bexley 018",59.3,212,3.57504215851602,1593,26.8634064080944,1381
"81","E02000083","Bexley 019",26.1,1565,59.9616858237548,1405,53.8314176245211,-160
"82","E02000084","Bexley 020",41,271,6.60975609756098,1969,48.0243902439024,1698
"83","E02000085","Bexley 021",48.6,112,2.30452674897119,1083,22.2839506172839,971
"84","E02000086","Bexley 022",49.2,137,2.78455284552845,1099,22.3373983739837,962
"85","E02000087","Bexley 023",20.4,297,14.5588235294118,1103,54.0686274509804,806
"86","E02000088","Bexley 024",38.7,69,1.78294573643411,1221,31.5503875968992,1152
"87","E02000089","Bexley 025",56.9,80,1.40597539543058,1097,19.2794376098418,1017
"88","E02000090","Bexley 026",48.2,2536,52.6141078838174,1115,23.1327800829876,-1421
"89","E02000091","Bexley 027",35.4,826,23.3333333333333,1357,38.3333333333333,531
"90","E02000092","Bexley 028",10.7,1010,94.392523364486,887,82.8971962616823,-123
"91","E02000093","Brent 001",79,701,8.87341772151899,2078,26.3037974683544,1377
"92","E02000094","Brent 002",75.2,667,8.86968085106383,1537,20.438829787234,870
"93","E02000095","Brent 003",64.1,655,10.2184087363495,1835,28.6271450858034,1180
"94","E02000096","Brent 004",46.5,355,7.63440860215054,1042,22.4086021505376,687
"95","E02000097","Brent 005",47.9,242,5.05219206680585,1565,32.6722338204593,1323
"96","E02000098","Brent 006",43.2,163,3.77314814814815,1301,30.1157407407407,1138
"97","E02000099","Brent 007",67.6,746,11.0355029585799,1589,23.5059171597633,843
"98","E02000100","Brent 008",40.4,2599,64.3316831683168,1483,36.7079207920792,-1116
"99","E02000101","Brent 009",66.5,953,14.3308270676692,1404,21.1127819548872,451
"100","E02000102","Brent 010",57.3,78,1.36125654450262,1045,18.2373472949389,967
"101","E02000103","Brent 011",49.2,1335,27.1341463414634,1439,29.2479674796748,104
"102","E02000104","Brent 012",61.1,300,4.90998363338789,1046,17.1194762684124,746
"103","E02000105","Brent 013",67.2,294,4.375,1950,29.0178571428571,1656
"104","E02000106","Brent 014",76.2,816,10.7086614173228,1871,24.5538057742782,1055
"105","E02000107","Brent 015",112,317,2.83035714285714,2649,23.6517857142857,2332
"106","E02000108","Brent 016",81,13,0.160493827160494,1279,15.7901234567901,1266
"107","E02000109","Brent 017",50.8,3612,71.1023622047244,2147,42.2637795275591,-1465
"108","E02000110","Brent 018",101.2,82,0.810276679841897,1621,16.0177865612648,1539
"109","E02000111","Brent 019",86.7,909,10.4844290657439,2219,25.5940023068051,1310
"110","E02000112","Brent 020",74.3,1890,25.4374158815612,2147,28.8963660834455,257
"111","E02000113","Brent 021",65.1,1267,19.4623655913979,1531,23.5176651305684,264
"112","E02000114","Brent 022",146.9,291,1.98093941456773,2128,14.4860449285228,1837
"113","E02000115","Brent 023",98.3,59,0.600203458799593,2190,22.2787385554425,2131
"114","E02000116","Brent 024",74.4,754,10.1344086021505,1505,20.2284946236559,751
"115","E02000117","Brent 025",135,462,3.42222222222222,2018,14.9481481481481,1556
"116","E02000118","Brent 026",76.4,796,10.4188481675393,1814,23.7434554973822,1018
"117","E02000119","Brent 027",28.2,6061,214.929078014184,1046,37.0921985815603,-5015
"118","E02000120","Brent 028",182.1,436,2.39428885227897,2307,12.668863261944,1871
"119","E02000121","Brent 029",64,1799,28.109375,1742,27.21875,-57
"120","E02000122","Brent 030",67.2,141,2.09821428571429,1604,23.8690476190476,1463
"121","E02000123","Brent 031",142.2,972,6.83544303797468,2966,20.8579465541491,1994
"122","E02000124","Brent 032",93.2,712,7.63948497854077,2617,28.0793991416309,1905
"123","E02000125","Brent 033",141.2,52,0.368271954674221,2639,18.6898016997167,2587
"124","E02000126","Brent 034",177.6,295,1.66103603603604,1292,7.27477477477477,997
"125","E02000127","Bromley 001",38.1,138,3.62204724409449,1464,38.4251968503937,1326
"126","E02000128","Bromley 002",28.8,254,8.81944444444444,1016,35.2777777777778,762
"127","E02000130","Bromley 004",53.3,751,14.0900562851782,1591,29.8499061913696,840
"128","E02000131","Bromley 005",50.7,212,4.18145956607495,2062,40.6706114398422,1850
"129","E02000132","Bromley 006",49.3,1708,34.6450304259635,1880,38.1338742393509,172
"130","E02000133","Bromley 007",16.1,488,30.3105590062112,1488,92.4223602484472,1000
"131","E02000134","Bromley 008",55.7,2633,47.2710951526032,1921,34.4883303411131,-712
"132","E02000135","Bromley 009",84.1,370,4.39952437574316,1864,22.1640903686088,1494
"133","E02000136","Bromley 010",12.6,291,23.0952380952381,503,39.9206349206349,212
"134","E02000137","Bromley 011",42,119,2.83333333333333,1557,37.0714285714286,1438
"135","E02000138","Bromley 012",38.1,551,14.4619422572178,1436,37.6902887139108,885
"136","E02000139","Bromley 013",47.4,320,6.75105485232068,1626,34.3037974683544,1306
"137","E02000140","Bromley 014",42.6,326,7.65258215962441,1166,27.3708920187793,840
"138","E02000141","Bromley 015",74.4,164,2.20430107526882,1496,20.1075268817204,1332
"139","E02000142","Bromley 016",46.6,1326,28.4549356223176,1088,23.3476394849785,-238
"140","E02000144","Bromley 018",43.7,8203,187.711670480549,1632,37.3455377574371,-6571
"141","E02000145","Bromley 019",7.2,813,112.916666666667,1132,157.222222222222,319
"142","E02000146","Bromley 020",46.2,743,16.0822510822511,1432,30.995670995671,689
"143","E02000147","Bromley 021",35.4,127,3.58757062146893,871,24.6045197740113,744
"144","E02000148","Bromley 022",23.5,512,21.7872340425532,872,37.1063829787234,360
"145","E02000149","Bromley 023",41,611,14.9024390243902,1176,28.6829268292683,565
"146","E02000150","Bromley 024",27.1,878,32.3985239852398,1470,54.2435424354244,592
"147","E02000151","Bromley 025",36,82,2.27777777777778,1146,31.8333333333333,1064
"148","E02000152","Bromley 026",25.5,265,10.3921568627451,941,36.9019607843137,676
"149","E02000153","Bromley 027",34.5,107,3.10144927536232,1286,37.2753623188406,1179
"150","E02000154","Bromley 028",38.1,1849,48.5301837270341,1228,32.2309711286089,-621
"151","E02000155","Bromley 029",38,47,1.23684210526316,723,19.0263157894737,676
"152","E02000156","Bromley 030",31.5,1191,37.8095238095238,2191,69.5555555555556,1000
"153","E02000157","Bromley 031",32.5,157,4.83076923076923,1122,34.5230769230769,965
"154","E02000158","Bromley 032",34.1,83,2.43401759530792,901,26.4222873900293,818
"155","E02000159","Bromley 033",11.6,742,63.9655172413793,979,84.3965517241379,237
"156","E02000160","Bromley 034",9.3,687,73.8709677419355,1075,115.591397849462,388
"157","E02000161","Bromley 035",48.9,219,4.47852760736196,1305,26.6871165644172,1086
"158","E02000162","Bromley 036",5.2,1527,293.653846153846,534,102.692307692308,-993
"159","E02000163","Bromley 037",6.8,586,86.1764705882353,934,137.352941176471,348
"160","E02000165","Bromley 039",12.4,190,15.3225806451613,886,71.4516129032258,696
"161","E02000166","Camden 001",26.2,502,19.1603053435114,1549,59.1221374045802,1047
"162","E02000167","Camden 002",38.2,870,22.7748691099476,1764,46.1780104712042,894
"163","E02000168","Camden 003",120.1,1064,8.85928393005829,1548,12.8892589508743,484
"164","E02000169","Camden 004",68,195,2.86764705882353,1492,21.9411764705882,1297
"165","E02000170","Camden 005",108.1,254,2.34967622571693,2233,20.6567992599445,1979
"166","E02000171","Camden 006",149.9,178,1.18745830553702,1639,10.9339559706471,1461
"167","E02000172","Camden 007",151.7,1023,6.74357284113382,1440,9.49241924851681,417
"168","E02000173","Camden 008",98.6,3957,40.131845841785,1886,19.1277890466531,-2071
"169","E02000174","Camden 009",159.7,367,2.29805886036318,1710,10.7075767063244,1343
"170","E02000175","Camden 010",127.9,883,6.90383111806099,2483,19.4136043784206,1600
"171","E02000176","Camden 011",160.2,174,1.08614232209738,1816,11.3358302122347,1642
"172","E02000177","Camden 012",170.9,250,1.46284376828555,1552,9.08133411351668,1302
"173","E02000178","Camden 013",157.7,242,1.53455928979074,2448,15.5231452124287,2206
"174","E02000179","Camden 014",165.5,119,0.719033232628399,1277,7.71601208459214,1158
"175","E02000180","Camden 015",169,154,0.911242603550296,1447,8.56213017751479,1293
"176","E02000181","Camden 016",142.5,51,0.357894736842105,2402,16.8561403508772,2351
"177","E02000182","Camden 017",83.9,534,6.36471990464839,1423,16.9606674612634,889
"178","E02000183","Camden 018",102.5,1460,14.2439024390244,1575,15.3658536585366,115
"179","E02000184","Camden 019",133.6,2443,18.2859281437126,1287,9.63323353293413,-1156
"180","E02000185","Camden 020",175.6,466,2.65375854214123,1565,8.9123006833713,1099
"181","E02000186","Camden 021",66.7,8772,131.514242878561,1125,16.8665667166417,-7647
"182","E02000187","Camden 022",84.2,1476,17.5296912114014,857,10.1781472684086,-619
"183","E02000188","Camden 023",163.9,855,5.21659548505186,844,5.14948139109213,-11
"184","E02000189","Camden 024",199.7,704,3.52528793189785,429,2.14822233350025,-275
"185","E02000190","Camden 025",203.2,2037,10.0246062992126,504,2.48031496062992,-1533
"186","E02000191","Camden 026",116.8,16642,142.482876712329,516,4.41780821917808,-16126
"187","E02000192","Camden 027",165.5,10467,63.2447129909366,628,3.79456193353474,-9839
"188","E02000193","Camden 028",70.1,33714,480.941512125535,813,11.5977175463623,-32901
"189","E02000194","Croydon 001",62.5,554,8.864,1870,29.92,1316
"190","E02000195","Croydon 002",47.3,127,2.68498942917548,1857,39.2600422832981,1730
"191","E02000196","Croydon 003",60.4,223,3.69205298013245,1312,21.7218543046358,1089
"192","E02000197","Croydon 004",91.6,250,2.7292576419214,1690,18.4497816593886,1440
"193","E02000198","Croydon 005",90.5,449,4.96132596685083,1526,16.8618784530387,1077
"194","E02000199","Croydon 006",97.7,97,0.992835209825998,1701,17.410440122825,1604
"195","E02000200","Croydon 007",66.5,421,6.33082706766917,1736,26.1052631578947,1315
"196","E02000201","Croydon 008",96.4,339,3.51659751037344,1704,17.6763485477178,1365
"197","E02000202","Croydon 009",116.3,136,1.16938950988822,1725,14.8323301805675,1589
"198","E02000203","Croydon 010",97.5,920,9.43589743589744,1329,13.6307692307692,409
"199","E02000204","Croydon 011",86.6,378,4.364896073903,1821,21.0277136258661,1443
"200","E02000206","Croydon 013",65.3,1279,19.5865237366003,1668,25.5436447166922,389
"201","E02000207","Croydon 014",72.5,441,6.08275862068966,1738,23.9724137931034,1297
"202","E02000208","Croydon 015",111.8,1856,16.6010733452594,1359,12.1556350626118,-497
"203","E02000209","Croydon 016",83.9,579,6.90107270560191,1587,18.9153754469607,1008
"204","E02000210","Croydon 017",107.2,156,1.45522388059701,1740,16.2313432835821,1584
"205","E02000211","Croydon 018",47.7,136,2.85115303983229,1625,34.0670859538784,1489
"206","E02000212","Croydon 019",68.7,1638,23.8427947598253,1393,20.2765647743814,-245
"207","E02000213","Croydon 020",92.6,3579,38.6501079913607,1359,14.6760259179266,-2220
"208","E02000214","Croydon 021",60.5,249,4.11570247933884,1195,19.7520661157025,946
"209","E02000215","Croydon 022",106.6,957,8.97748592870544,2149,20.1594746716698,1192
"210","E02000216","Croydon 023",30.8,199,6.46103896103896,982,31.8831168831169,783
"211","E02000217","Croydon 024",67.7,4051,59.8375184638109,1787,26.3958641063515,-2264
"212","E02000218","Croydon 025",58.3,101,1.73241852487136,1049,17.9931389365352,948
"213","E02000219","Croydon 026",13.5,565,41.8518518518519,1329,98.4444444444444,764
"214","E02000220","Croydon 027",66.1,8769,132.662632375189,1699,25.7034795763994,-7070
"215","E02000221","Croydon 028",35,2403,68.6571428571429,1597,45.6285714285714,-806
"216","E02000222","Croydon 029",42.4,875,20.6367924528302,1554,36.6509433962264,679
"217","E02000223","Croydon 030",87.1,105,1.20551090700344,1287,14.7761194029851,1182
"218","E02000224","Croydon 031",60,957,15.95,1714,28.5666666666667,757
"219","E02000225","Croydon 032",46.2,360,7.79220779220779,1468,31.7748917748918,1108
"220","E02000226","Croydon 033",23,408,17.7391304347826,1421,61.7826086956522,1013
"221","E02000227","Croydon 034",24.8,495,19.9596774193548,2621,105.685483870968,2126
"222","E02000228","Croydon 035",24.3,237,9.75308641975309,906,37.2839506172839,669
"223","E02000229","Croydon 036",48.3,522,10.8074534161491,891,18.4472049689441,369
"224","E02000230","Croydon 037",38.4,1451,37.7864583333333,1712,44.5833333333333,261
"225","E02000231","Croydon 038",22.9,359,15.6768558951965,700,30.5676855895197,341
"226","E02000232","Croydon 039",14.2,126,8.87323943661972,574,40.4225352112676,448
"227","E02000233","Croydon 040",38.7,278,7.18346253229974,874,22.5839793281654,596
"228","E02000234","Croydon 041",25.8,802,31.0852713178295,1042,40.3875968992248,240
"229","E02000235","Croydon 042",12.9,291,22.5581395348837,1037,80.3875968992248,746
"230","E02000236","Croydon 043",21.4,206,9.62616822429907,1061,49.5794392523364,855
"231","E02000237","Croydon 044",15.1,227,15.0331125827815,773,51.1920529801325,546
"232","E02000238","Ealing 001",62.4,718,11.5064102564103,1586,25.4166666666667,868
"233","E02000239","Ealing 002",38.2,180,4.71204188481675,2000,52.3560209424084,1820
"234","E02000240","Ealing 003",59.4,106,1.78451178451178,1752,29.4949494949495,1646
"235","E02000241","Ealing 004",50.9,282,5.54027504911591,1087,21.3555992141454,805
"236","E02000242","Ealing 005",76.1,660,8.67279894875164,1018,13.377135348226,358
"237","E02000243","Ealing 006",29.9,2009,67.190635451505,1797,60.1003344481605,-212
"238","E02000244","Ealing 007",39.9,1056,26.4661654135338,1134,28.4210526315789,78
"239","E02000245","Ealing 008",49.3,81,1.64300202839757,1465,29.7160243407708,1384
"240","E02000246","Ealing 009",42.5,69,1.62352941176471,1183,27.8352941176471,1114
"241","E02000247","Ealing 010",73.7,255,3.45997286295794,1836,24.9118046132972,1581
"242","E02000248","Ealing 011",42.5,1856,43.6705882352941,1218,28.6588235294118,-638
"243","E02000249","Ealing 012",60.4,845,13.9900662251656,1205,19.9503311258278,360
"244","E02000250","Ealing 013",65,127,1.95384615384615,873,13.4307692307692,746
"245","E02000251","Ealing 014",84,66,0.785714285714286,1370,16.3095238095238,1304
"246","E02000252","Ealing 015",30.4,9227,303.519736842105,1985,65.2960526315789,-7242
"247","E02000253","Ealing 016",83.3,67,0.804321728691477,1694,20.3361344537815,1627
"248","E02000254","Ealing 017",86,67,0.779069767441861,1712,19.906976744186,1645
"249","E02000255","Ealing 018",61.1,170,2.7823240589198,1677,27.4468085106383,1507
"250","E02000256","Ealing 019",80.8,2414,29.8762376237624,1618,20.0247524752475,-796
"251","E02000257","Ealing 020",61.9,3536,57.124394184168,2339,37.7867528271406,-1197
"252","E02000258","Ealing 021",65.2,50,0.766871165644172,892,13.680981595092,842
"253","E02000259","Ealing 022",49.1,167,3.40122199592668,1053,21.4460285132383,886
"254","E02000260","Ealing 023",80.2,856,10.6733167082294,1508,18.8029925187032,652
"255","E02000261","Ealing 024",82.5,219,2.65454545454545,2220,26.9090909090909,2001
"256","E02000262","Ealing 025",126.2,758,6.00633914421553,1916,15.1822503961965,1158
"257","E02000263","Ealing 026",94.2,350,3.71549893842887,2059,21.8577494692144,1709
"258","E02000264","Ealing 027",56.4,397,7.03900709219858,1479,26.2234042553191,1082
"259","E02000265","Ealing 028",109.7,1029,9.38012762078396,2343,21.3582497721057,1314
"260","E02000266","Ealing 029",31.9,4574,143.385579937304,1798,56.3636363636364,-2776
"261","E02000267","Ealing 030",91.9,303,3.29706202393906,1359,14.7878128400435,1056
"262","E02000268","Ealing 031",70.6,511,7.23796033994334,1757,24.8866855524079,1246
"263","E02000269","Ealing 032",91.3,695,7.61226725082147,1664,18.2256297918949,969
"264","E02000270","Ealing 033",101,992,9.82178217821782,1267,12.5445544554455,275
"265","E02000271","Ealing 034",90.5,601,6.64088397790055,1397,15.4364640883978,796
"266","E02000272","Ealing 035",56.3,245,4.35168738898757,1138,20.2131438721137,893
"267","E02000274","Ealing 037",88.7,921,10.3833145434047,2214,24.9605411499436,1293
"268","E02000275","Ealing 038",60.6,233,3.84488448844884,1057,17.4422442244224,824
"269","E02000276","Ealing 039",79.9,161,2.01501877346683,1127,14.1051314142678,966
"270","E02000277","Enfield 001",67.6,72,1.06508875739645,902,13.3431952662722,830
"271","E02000278","Enfield 002",67.2,131,1.94940476190476,1135,16.889880952381,1004
"272","E02000279","Enfield 003",43.3,676,15.6120092378753,1877,43.3487297921478,1201
"273","E02000280","Enfield 004",5.5,604,109.818181818182,1092,198.545454545455,488
"274","E02000281","Enfield 005",46.6,316,6.78111587982833,1240,26.6094420600858,924
"275","E02000282","Enfield 006",72.2,191,2.64542936288089,1216,16.8421052631579,1025
"276","E02000283","Enfield 007",73.9,202,2.73342354533153,1143,15.4668470906631,941
"277","E02000284","Enfield 008",63.9,879,13.7558685446009,1161,18.169014084507,282
"278","E02000285","Enfield 009",67,794,11.8507462686567,905,13.5074626865672,111
"279","E02000286","Enfield 010",39.8,2180,54.7738693467337,1298,32.6130653266332,-882
"280","E02000287","Enfield 011",7.7,699,90.7792207792208,596,77.4025974025974,-103
"281","E02000288","Enfield 012",49.6,2786,56.1693548387097,1421,28.6491935483871,-1365
"282","E02000289","Enfield 013",19.3,62,3.21243523316062,762,39.4818652849741,700
"283","E02000290","Enfield 014",14.8,2072,140,809,54.6621621621622,-1263
"284","E02000291","Enfield 015",77.1,1872,24.2801556420233,1345,17.4448767833982,-527
"285","E02000292","Enfield 016",50.7,865,17.0611439842209,1613,31.8145956607495,748
"286","E02000293","Enfield 017",29.2,60,2.05479452054795,817,27.9794520547945,757
"287","E02000294","Enfield 018",59.2,162,2.73648648648649,1245,21.0304054054054,1083
"288","E02000295","Enfield 019",51.7,197,3.81044487427466,1001,19.3617021276596,804
"289","E02000296","Enfield 020",52.9,2124,40.1512287334594,1759,33.2514177693762,-365
"290","E02000297","Enfield 021",57.4,184,3.20557491289199,1542,26.8641114982578,1358
"291","E02000298","Enfield 022",39.9,299,7.4937343358396,1227,30.7518796992481,928
"292","E02000299","Enfield 023",106.2,251,2.36346516007533,1422,13.3898305084746,1171
"293","E02000300","Enfield 024",105,113,1.07619047619048,1220,11.6190476190476,1107
"294","E02000301","Enfield 025",55.2,290,5.2536231884058,1596,28.9130434782609,1306
"295","E02000302","Enfield 026",52.7,288,5.46489563567362,1238,23.4914611005693,950
"296","E02000303","Enfield 027",67.5,319,4.72592592592593,1025,15.1851851851852,706
"297","E02000304","Enfield 028",47,127,2.70212765957447,1073,22.8297872340426,946
"298","E02000305","Enfield 029",89.8,522,5.81291759465479,1550,17.260579064588,1028
"299","E02000306","Enfield 030",43.8,1633,37.2831050228311,1076,24.5662100456621,-557
"300","E02000307","Enfield 031",89.3,28,0.313549832026876,1597,17.8835386338186,1569
"301","E02000308","Enfield 032",67.4,454,6.73590504451039,1235,18.3234421364985,781
"302","E02000309","Enfield 033",64.4,1285,19.9534161490683,1352,20.9937888198758,67
"303","E02000311","Enfield 035",69.7,229,3.28550932568149,1724,24.7345767575323,1495
"304","E02000312","Enfield 036",79.9,328,4.10513141426783,2413,30.2002503128911,2085
"305","E02000313","Greenwich 001",89.9,26,0.289210233592881,921,10.2447163515017,895
"306","E02000314","Greenwich 002",41.3,2274,55.0605326876513,2429,58.8135593220339,155
"307","E02000315","Greenwich 003",76.1,175,2.29960578186597,1522,20,1347
"308","E02000316","Greenwich 004",57,5585,97.9824561403509,2459,43.140350877193,-3126
"309","E02000317","Greenwich 005",128.2,146,1.13884555382215,1157,9.02496099843994,1011
"310","E02000318","Greenwich 006",89.1,509,5.71268237934905,1722,19.3265993265993,1213
"311","E02000319","Greenwich 007",118.5,629,5.30801687763713,2120,17.8902953586498,1491
"312","E02000320","Greenwich 008",45.4,105,2.31277533039648,1166,25.6828193832599,1061
"313","E02000321","Greenwich 009",115.7,138,1.19273984442524,1066,9.21348314606742,928
"314","E02000323","Greenwich 011",140.2,667,4.75748930099857,1747,12.4607703281027,1080
"315","E02000324","Greenwich 012",56.1,301,5.36541889483066,1139,20.3030303030303,838
"316","E02000326","Greenwich 014",96.8,102,1.05371900826446,1380,14.2561983471074,1278
"317","E02000327","Greenwich 015",36.7,2156,58.7465940054496,690,18.8010899182561,-1466
"318","E02000328","Greenwich 016",75.4,144,1.90981432360743,1421,18.8461538461538,1277
"319","E02000329","Greenwich 017",35.1,63,1.79487179487179,1058,30.1424501424501,995
"320","E02000331","Greenwich 019",78.9,79,1.00126742712294,1473,18.6692015209125,1394
"321","E02000332","Greenwich 020",35.9,136,3.7883008356546,1297,36.1281337047354,1161
"322","E02000333","Greenwich 021",49.7,388,7.80684104627767,1410,28.3702213279678,1022
"323","E02000334","Greenwich 022",46.7,34,0.728051391862955,1036,22.1841541755889,1002
"324","E02000335","Greenwich 023",50.6,28,0.553359683794466,1058,20.9090909090909,1030
"325","E02000337","Greenwich 025",56.5,82,1.45132743362832,1251,22.141592920354,1169
"326","E02000339","Greenwich 027",47.5,509,10.7157894736842,743,15.6421052631579,234
"327","E02000340","Greenwich 028",18.6,1161,62.4193548387097,933,50.1612903225806,-228
"328","E02000341","Greenwich 029",42.9,99,2.30769230769231,1084,25.2680652680653,985
"329","E02000342","Greenwich 030",47.4,201,4.24050632911392,801,16.8987341772152,600
"330","E02000343","Greenwich 031",53.1,50,0.941619585687382,1020,19.2090395480226,970
"331","E02000344","Greenwich 032",49.4,106,2.14574898785425,864,17.4898785425101,758
"332","E02000345","Hackney 001",144.4,660,4.57063711911357,667,4.6191135734072,7
"333","E02000346","Hackney 002",104.6,61,0.583173996175908,705,6.73996175908222,644
"334","E02000347","Hackney 003",116,252,2.17241379310345,763,6.57758620689655,511
"335","E02000348","Hackney 004",145.4,111,0.763411279229711,715,4.91746905089409,604
"336","E02000350","Hackney 006",167.7,95,0.566487775790101,1550,9.24269528920692,1455
"337","E02000351","Hackney 007",163.1,41,0.251379521765788,2132,13.071735131821,2091
"338","E02000352","Hackney 008",90.2,27,0.299334811529933,973,10.7871396895787,946
"339","E02000353","Hackney 009",139.4,321,2.30272596843615,1485,10.6527977044476,1164
"340","E02000354","Hackney 010",119.8,218,1.81969949916528,1525,12.7295492487479,1307
"341","E02000355","Hackney 011",129.3,108,0.835266821345708,1228,9.49729311678268,1120
"342","E02000356","Hackney 012",182.3,129,0.707624794295118,1354,7.4273176083379,1225
"343","E02000357","Hackney 013",41.6,47,1.12980769230769,679,16.3221153846154,632
"344","E02000358","Hackney 014",179.4,400,2.22965440356745,2159,12.0345596432553,1759
"345","E02000359","Hackney 015",150.7,19,0.126078301260783,820,5.44127405441274,801
"346","E02000360","Hackney 016",206.7,134,0.648282535074988,1835,8.87760038703435,1701
"347","E02000361","Hackney 017",128.6,2250,17.4961119751166,1317,10.2410575427683,-933
"348","E02000362","Hackney 018",49.1,364,7.41344195519348,1044,21.2627291242363,680
"349","E02000363","Hackney 019",181.8,1495,8.22332233223322,1495,8.22332233223322,0
"350","E02000364","Hackney 020",133.5,456,3.41573033707865,1517,11.3632958801498,1061
"351","E02000365","Hackney 021",132.3,1115,8.42781557067271,2963,22.3960695389267,1848
"352","E02000366","Hackney 022",132.3,69,0.521541950113379,1234,9.32728647014361,1165
"353","E02000367","Hackney 023",131.8,994,7.54172989377845,1878,14.2488619119879,884
"354","E02000368","Hackney 024",151.5,66,0.435643564356436,1353,8.93069306930693,1287
"355","E02000369","Hackney 025",178.3,561,3.14638250140213,2160,12.1144139091419,1599
"356","E02000370","Hackney 026",170.1,266,1.56378600823045,1128,6.63139329805997,862
"357","E02000371","Hackney 027",124,12357,99.6532258064516,2052,16.5483870967742,-10305
"358","E02000372","Hammersmith and Fulham 001",26.7,6682,250.262172284644,1674,62.6966292134831,-5008
"359","E02000373","Hammersmith and Fulham 002",163.3,80,0.489895897121862,911,5.5786895284752,831
"360","E02000374","Hammersmith and Fulham 003",135.5,17,0.125461254612546,1029,7.59409594095941,1012
"361","E02000375","Hammersmith and Fulham 004",93.9,5518,58.7646432374867,1342,14.2917997870075,-4176
"362","E02000376","Hammersmith and Fulham 005",168.7,719,4.26200355660937,1450,8.59513930053349,731
"363","E02000377","Hammersmith and Fulham 006",184.2,145,0.787187839305103,1739,9.44082519001086,1594
"364","E02000378","Hammersmith and Fulham 007",222.1,301,1.35524538496173,1412,6.35749662314273,1111
"365","E02000379","Hammersmith and Fulham 008",111.7,79,0.707251566696508,1486,13.3034914950761,1407
"366","E02000380","Hammersmith and Fulham 009",166.4,170,1.02163461538462,1068,6.41826923076923,898
"367","E02000381","Hammersmith and Fulham 010",140.5,683,4.86120996441281,1734,12.3416370106762,1051
"368","E02000382","Hammersmith and Fulham 011",100,798,7.98,1068,10.68,270
"369","E02000383","Hammersmith and Fulham 012",157.1,1319,8.39592616168046,2177,13.857415658816,858
"370","E02000384","Hammersmith and Fulham 013",93.6,9062,96.8162393162393,1185,12.6602564102564,-7877
"371","E02000385","Hammersmith and Fulham 014",154.1,78,0.506164828033744,1430,9.27968851395198,1352
"372","E02000386","Hammersmith and Fulham 015",186,293,1.5752688172043,1503,8.08064516129032,1210
"373","E02000387","Hammersmith and Fulham 016",153.8,1191,7.74382314694408,1041,6.76853055916775,-150
"374","E02000388","Hammersmith and Fulham 017",154.3,552,3.57744653272845,2088,13.5320803629294,1536
"375","E02000389","Hammersmith and Fulham 018",131.4,354,2.69406392694064,1733,13.1887366818874,1379
"376","E02000390","Hammersmith and Fulham 019",185.4,101,0.544768069039914,1505,8.1175836030205,1404
"377","E02000391","Hammersmith and Fulham 020",116.2,889,7.65060240963855,1717,14.776247848537,828
"378","E02000392","Hammersmith and Fulham 021",173.1,821,4.74292316580012,2754,15.9098786828423,1933
"379","E02000393","Hammersmith and Fulham 022",169.4,7,0.0413223140495868,1686,9.95277449822904,1679
"380","E02000394","Hammersmith and Fulham 023",117.8,1000,8.48896434634975,1631,13.8455008488964,631
"381","E02000395","Hammersmith and Fulham 024",61.4,774,12.6058631921824,1498,24.3973941368078,724
"382","E02000396","Hammersmith and Fulham 025",106.1,380,3.58152686145146,1485,13.9962299717248,1105
"383","E02000397","Haringey 001",138.6,136,0.981240981240981,1588,11.4574314574315,1452
"384","E02000398","Haringey 002",59.8,675,11.2876254180602,695,11.6220735785953,20
"385","E02000400","Haringey 004",57.5,335,5.82608695652174,1351,23.495652173913,1016
"386","E02000401","Haringey 005",90.2,88,0.975609756097561,691,7.66075388026607,603
"387","E02000402","Haringey 006",70.5,93,1.31914893617021,837,11.8723404255319,744
"388","E02000403","Haringey 007",84.6,2062,24.3735224586288,1234,14.5862884160757,-828
"389","E02000404","Haringey 008",114.1,159,1.39351446099912,1216,10.6573181419807,1057
"390","E02000405","Haringey 009",36.7,94,2.56130790190736,1188,32.3705722070845,1094
"391","E02000406","Haringey 010",153.4,57,0.371577574967405,1110,7.23598435462842,1053
"392","E02000407","Haringey 011",140.1,293,2.09136331192006,988,7.05210563882941,695
"393","E02000408","Haringey 012",147,377,2.56462585034014,900,6.12244897959184,523
"394","E02000409","Haringey 013",94,146,1.5531914893617,910,9.68085106382979,764
"395","E02000410","Haringey 014",89,191,2.14606741573034,1435,16.123595505618,1244
"396","E02000411","Haringey 015",53.5,900,16.8224299065421,1189,22.2242990654206,289
"397","E02000412","Haringey 016",89.6,2654,29.6205357142857,996,11.1160714285714,-1658
"398","E02000413","Haringey 017",61.5,125,2.03252032520325,1458,23.7073170731707,1333
"399","E02000414","Haringey 018",175.2,92,0.525114155251142,1149,6.55821917808219,1057
"400","E02000415","Haringey 019",97.2,178,1.83127572016461,1202,12.3662551440329,1024
"401","E02000416","Haringey 020",119.1,239,2.00671704450042,1509,12.6700251889169,1270
"402","E02000417","Haringey 021",63,465,7.38095238095238,1571,24.9365079365079,1106
"403","E02000418","Haringey 022",77.2,39,0.505181347150259,1048,13.5751295336788,1009
"404","E02000419","Haringey 023",126.3,386,3.05621536025337,1774,14.0459224069675,1388
"405","E02000420","Haringey 024",128.8,124,0.962732919254658,1174,9.11490683229814,1050
"406","E02000421","Haringey 025",91.2,1296,14.2105263157895,1075,11.7872807017544,-221
"407","E02000422","Haringey 026",144.2,138,0.957004160887656,1109,7.69070735090153,971
"408","E02000423","Haringey 027",122.8,646,5.26058631921824,1349,10.985342019544,703
"409","E02000424","Haringey 028",108.1,121,1.11933395004625,1506,13.9315448658649,1385
"410","E02000425","Haringey 029",134.1,122,0.909768829231916,631,4.70544369873229,509
"411","E02000426","Haringey 030",30.2,409,13.5430463576159,1505,49.8344370860927,1096
"412","E02000427","Haringey 031",63.8,141,2.21003134796238,1661,26.0344827586207,1520
"413","E02000428","Haringey 032",117.7,320,2.71877655055225,1043,8.86151231945624,723
"414","E02000429","Haringey 033",69.9,110,1.57367668097282,1803,25.793991416309,1693
"415","E02000430","Haringey 034",112.6,480,4.26287744227353,1847,16.4031971580817,1367
"416","E02000431","Haringey 035",109.6,87,0.793795620437956,1978,18.0474452554745,1891
"417","E02000432","Haringey 036",120.4,59,0.490033222591362,1539,12.7823920265781,1480
"418","E02000433","Harrow 001",12.2,1188,97.3770491803279,663,54.344262295082,-525
"419","E02000434","Harrow 002",43.8,506,11.5525114155251,1091,24.9086757990868,585
"420","E02000435","Harrow 003",41.1,95,2.31143552311436,495,12.043795620438,400
"421","E02000436","Harrow 004",12.2,70,5.73770491803279,394,32.2950819672131,324
"422","E02000437","Harrow 005",60,332,5.53333333333333,1062,17.7,730
"423","E02000438","Harrow 006",45.2,548,12.1238938053097,821,18.1637168141593,273
"424","E02000439","Harrow 007",77.2,352,4.55958549222798,1138,14.740932642487,786
"425","E02000440","Harrow 008",64,102,1.59375,1180,18.4375,1078
"426","E02000441","Harrow 009",28.7,72,2.50871080139373,783,27.2822299651568,711
"427","E02000442","Harrow 010",76.4,160,2.09424083769634,1298,16.9895287958115,1138
"428","E02000443","Harrow 011",96.8,441,4.55578512396694,1329,13.7293388429752,888
"429","E02000444","Harrow 012",77.7,77,0.990990990990991,1365,17.5675675675676,1288
"430","E02000445","Harrow 013",81.9,997,12.1733821733822,1659,20.2564102564103,662
"431","E02000447","Harrow 015",33.2,68,2.04819277108434,849,25.5722891566265,781
"432","E02000448","Harrow 016",38.6,958,24.8186528497409,407,10.5440414507772,-551
"433","E02000449","Harrow 017",88.6,91,1.02708803611738,1160,13.0925507900677,1069
"434","E02000451","Harrow 019",41,81,1.97560975609756,769,18.7560975609756,688
"435","E02000452","Harrow 020",73.1,2369,32.4076607387141,1207,16.5116279069767,-1162
"436","E02000453","Harrow 021",73.7,332,4.50474898236092,1146,15.5495251017639,814
"437","E02000454","Harrow 022",45.2,33,0.730088495575221,616,13.6283185840708,583
"438","E02000455","Harrow 023",66.1,4108,62.1482602118003,1011,15.2950075642965,-3097
"439","E02000456","Harrow 024",76.3,74,0.969855832241153,717,9.39711664482307,643
"440","E02000457","Harrow 025",54.4,734,13.4926470588235,778,14.3014705882353,44
"441","E02000459","Harrow 027",68.6,667,9.72303206997085,1349,19.66472303207,682
"442","E02000460","Harrow 028",75.3,93,1.23505976095618,899,11.9389110225764,806
"443","E02000461","Harrow 029",26.1,876,33.5632183908046,848,32.4904214559387,-28
"444","E02000462","Harrow 030",66.4,225,3.38855421686747,1023,15.4066265060241,798
"445","E02000463","Harrow 031",90.7,47,0.51819184123484,1227,13.5281146637266,1180
"446","E02000464","Havering 001",11,92,8.36363636363636,492,44.7272727272727,400
"447","E02000465","Havering 002",28.3,92,3.25088339222615,1145,40.4593639575972,1053
"448","E02000466","Havering 003",13.2,148,11.2121212121212,794,60.1515151515152,646
"449","E02000467","Havering 004",71,412,5.80281690140845,1224,17.2394366197183,812
"450","E02000468","Havering 005",19,135,7.10526315789474,982,51.6842105263158,847
"451","E02000469","Havering 006",37.6,307,8.16489361702128,762,20.2659574468085,455
"452","E02000470","Havering 007",11.7,2125,181.623931623932,1174,100.34188034188,-951
"453","E02000471","Havering 008",34.8,63,1.81034482758621,669,19.2241379310345,606
"454","E02000472","Havering 009",58.5,258,4.41025641025641,1309,22.3760683760684,1051
"455","E02000473","Havering 010",33.6,489,14.5535714285714,1394,41.4880952380952,905
"456","E02000474","Havering 011",37.8,233,6.16402116402116,1163,30.7671957671958,930
"457","E02000475","Havering 012",32.8,419,12.7743902439024,1456,44.390243902439,1037
"458","E02000476","Havering 013",53.7,8527,158.7895716946,1055,19.6461824953445,-7472
"459","E02000477","Havering 014",53.5,140,2.61682242990654,1403,26.2242990654206,1263
"460","E02000478","Havering 015",23.6,46,1.94915254237288,662,28.0508474576271,616
"461","E02000479","Havering 016",59.2,1841,31.097972972973,1275,21.5371621621622,-566
"462","E02000480","Havering 017",29,4126,142.275862068966,1471,50.7241379310345,-2655
"463","E02000481","Havering 018",6.4,152,23.75,766,119.6875,614
"464","E02000482","Havering 019",22.6,234,10.353982300885,371,16.4159292035398,137
"465","E02000483","Havering 020",47.5,1739,36.6105263157895,1070,22.5263157894737,-669
"466","E02000484","Havering 021",44.3,172,3.88261851015801,1274,28.7584650112867,1102
"467","E02000485","Havering 022",38.1,888,23.3070866141732,1225,32.1522309711286,337
"468","E02000486","Havering 023",57.8,325,5.62283737024222,977,16.9031141868512,652
"469","E02000487","Havering 024",6.1,213,34.9180327868852,596,97.7049180327869,383
"470","E02000488","Havering 025",40.6,387,9.5320197044335,993,24.4581280788177,606
"471","E02000489","Havering 026",30.3,123,4.05940594059406,1229,40.5610561056106,1106
"472","E02000490","Havering 027",38.2,120,3.1413612565445,1159,30.3403141361257,1039
"473","E02000491","Havering 028",18.4,681,37.0108695652174,1285,69.8369565217391,604
"474","E02000492","Havering 029",4.5,545,121.111111111111,814,180.888888888889,269
"475","E02000493","Havering 030",48.2,318,6.59751037344398,711,14.7510373443983,393
"476","E02000494","Hillingdon 001",12,463,38.5833333333333,731,60.9166666666667,268
"477","E02000495","Hillingdon 002",34.7,908,26.1671469740634,1279,36.8587896253602,371
"478","E02000496","Hillingdon 003",4.9,667,136.122448979592,461,94.0816326530612,-206
"479","E02000497","Hillingdon 004",31.6,252,7.9746835443038,972,30.7594936708861,720
"480","E02000498","Hillingdon 005",19.2,65,3.38541666666667,638,33.2291666666667,573
"481","E02000499","Hillingdon 006",48.3,280,5.79710144927536,913,18.9026915113872,633
"482","E02000500","Hillingdon 007",26.6,1412,53.0827067669173,805,30.2631578947368,-607
"483","E02000501","Hillingdon 008",57.4,244,4.25087108013937,1061,18.4843205574913,817
"484","E02000502","Hillingdon 009",18.3,348,19.0163934426229,1232,67.3224043715847,884
"485","E02000503","Hillingdon 010",65.1,47,0.721966205837174,1410,21.6589861751152,1363
"486","E02000504","Hillingdon 011",24.1,411,17.0539419087137,946,39.253112033195,535
"487","E02000506","Hillingdon 013",13.7,428,31.2408759124088,911,66.4963503649635,483
"488","E02000507","Hillingdon 014",29.5,200,6.77966101694915,1406,47.6610169491525,1206
"489","E02000508","Hillingdon 015",33.4,5863,175.538922155689,1136,34.0119760479042,-4727
"490","E02000509","Hillingdon 016",48.8,3812,78.1147540983607,1047,21.4549180327869,-2765
"491","E02000510","Hillingdon 017",40.5,1640,40.4938271604938,1110,27.4074074074074,-530
"492","E02000511","Hillingdon 018",39.5,316,8,1259,31.873417721519,943
"493","E02000512","Hillingdon 019",56.8,68,1.19718309859155,1381,24.3133802816901,1313
"494","E02000513","Hillingdon 020",61,195,3.19672131147541,1217,19.9508196721311,1022
"495","E02000514","Hillingdon 021",81.9,232,2.83272283272283,1824,22.2710622710623,1592
"496","E02000515","Hillingdon 022",33.1,843,25.4682779456193,1792,54.1389728096677,949
"497","E02000516","Hillingdon 023",50,64,1.28,1399,27.98,1335
"498","E02000517","Hillingdon 024",55.8,118,2.11469534050179,1509,27.0430107526882,1391
"499","E02000518","Hillingdon 025",34.1,1115,32.6979472140762,1296,38.0058651026393,181
"500","E02000519","Hillingdon 026",47.7,977,20.482180293501,1234,25.8700209643606,257
"501","E02000520","Hillingdon 027",25.8,4370,169.37984496124,2116,82.015503875969,-2254
"502","E02000521","Hillingdon 028",40.4,221,5.47029702970297,1599,39.5792079207921,1378
"503","E02000522","Hillingdon 029",55.1,220,3.99274047186933,1430,25.9528130671506,1210
"504","E02000523","Hillingdon 030",58.5,693,11.8461538461538,2055,35.1282051282051,1362
"505","E02000524","Hillingdon 031",3.2,20198,6311.875,1076,336.25,-19122
"506","E02000525","Hillingdon 032",21.7,1231,56.7281105990783,1867,86.036866359447,636
"507","E02000526","Hounslow 001",90.7,1207,13.3076074972437,1928,21.2568908489526,721
"508","E02000528","Hounslow 003",45.7,1418,31.0284463894967,1959,42.8665207877462,541
"509","E02000529","Hounslow 004",71.5,121,1.69230769230769,1581,22.1118881118881,1460
"510","E02000530","Hounslow 005",25.1,2406,95.8565737051793,772,30.7569721115538,-1634
"511","E02000531","Hounslow 006",40.4,2672,66.1386138613861,2158,53.4158415841584,-514
"512","E02000532","Hounslow 007",40,439,10.975,1633,40.825,1194
"513","E02000533","Hounslow 008",79,121,1.53164556962025,1634,20.6835443037975,1513
"514","E02000534","Hounslow 009",16.5,2919,176.909090909091,1760,106.666666666667,-1159
"515","E02000535","Hounslow 010",60,184,3.06666666666667,2149,35.8166666666667,1965
"516","E02000536","Hounslow 011",57.7,1004,17.4003466204506,1913,33.1542461005199,909
"517","E02000537","Hounslow 012",45.7,174,3.8074398249453,1884,41.2253829321663,1710
"518","E02000538","Hounslow 013",36.8,1195,32.4728260869565,1548,42.0652173913044,353
"519","E02000539","Hounslow 014",65.3,1670,25.5742725880551,2226,34.0888208269525,556
"520","E02000540","Hounslow 015",73.7,970,13.1614654002714,1841,24.9796472184532,871
"521","E02000541","Hounslow 016",84.2,360,4.27553444180523,1764,20.9501187648456,1404
"522","E02000542","Hounslow 017",89.8,805,8.96436525612472,2048,22.8062360801782,1243
"523","E02000543","Hounslow 018",102.3,2451,23.9589442815249,2820,27.5659824046921,369
"524","E02000544","Hounslow 019",59.2,182,3.07432432432432,1519,25.6587837837838,1337
"525","E02000545","Hounslow 020",62.2,389,6.2540192926045,1350,21.7041800643087,961
"526","E02000546","Hounslow 021",39.6,283,7.14646464646465,2014,50.8585858585859,1731
"527","E02000547","Hounslow 022",28.7,2489,86.7247386759582,1670,58.1881533101045,-819
"528","E02000548","Hounslow 023",25.8,730,28.2945736434109,1566,60.6976744186046,836
"529","E02000549","Hounslow 024",44.9,650,14.4766146993318,2125,47.3273942093541,1475
"530","E02000550","Hounslow 025",110.1,522,4.74114441416894,1881,17.0844686648501,1359
"531","E02000551","Hounslow 026",40.5,624,15.4074074074074,1132,27.9506172839506,508
"532","E02000552","Hounslow 027",27,641,23.7407407407407,1397,51.7407407407407,756
"533","E02000553","Hounslow 028",26.2,71,2.70992366412214,699,26.6793893129771,628
"534","E02000554","Islington 001",144.1,113,0.784177654406662,1753,12.1651630811936,1640
"535","E02000555","Islington 002",157.8,175,1.10899873257288,2039,12.9214195183777,1864
"536","E02000556","Islington 003",153.7,395,2.56994144437215,2368,15.4066363044893,1973
"537","E02000557","Islington 004",114.7,2459,21.4385353095031,1807,15.7541412380122,-652
"538","E02000558","Islington 005",184.3,312,1.69289202387412,1223,6.63591969614759,911
"539","E02000559","Islington 006",152.2,4084,26.8331143232589,2439,16.0249671484888,-1645
"540","E02000560","Islington 007",140.6,877,6.2375533428165,1609,11.4438122332859,732
"541","E02000561","Islington 008",126.3,77,0.60965954077593,1624,12.8582739509105,1547
"542","E02000562","Islington 009",122.4,107,0.874183006535948,1509,12.328431372549,1402
"543","E02000563","Islington 010",146.4,283,1.93306010928962,1451,9.91120218579235,1168
"544","E02000564","Islington 011",129.9,692,5.32717474980754,2784,21.431870669746,2092
"545","E02000565","Islington 012",159.7,73,0.457107075767063,1484,9.29242329367564,1411
"546","E02000566","Islington 013",116.6,1078,9.24528301886792,2066,17.7186963979417,988
"547","E02000567","Islington 014",155.9,128,0.821039127645927,2607,16.722257857601,2479
"548","E02000568","Islington 015",106.6,1492,13.9962476547842,1543,14.4746716697936,51
"549","E02000569","Islington 016",143.1,709,4.95457721872816,2266,15.8350803633823,1557
"550","E02000570","Islington 017",143.3,160,1.11653872993719,1989,13.8799720865318,1829
"551","E02000571","Islington 018",161.3,279,1.72969621822691,1559,9.66522008679479,1280
"552","E02000572","Islington 019",186.9,290,1.55163188871054,1077,5.76243980738363,787
"553","E02000573","Islington 020",119.6,3035,25.376254180602,1936,16.1872909698997,-1099
"554","E02000574","Islington 021",139.8,2997,21.4377682403433,1370,9.7997138769671,-1627
"555","E02000575","Islington 022",127.9,14209,111.094605160281,1582,12.3690383111806,-12627
"556","E02000576","Islington 023",124.2,10871,87.5281803542673,1063,8.55877616747182,-9808
"557","E02000577","Kensington and Chelsea 001",82.6,1082,13.0992736077482,1067,12.9176755447942,-15
"558","E02000578","Kensington and Chelsea 002",112.9,478,4.23383525243578,705,6.2444641275465,227
"559","E02000579","Kensington and Chelsea 003",141.1,289,2.04819277108434,1683,11.9277108433735,1394
"560","E02000580","Kensington and Chelsea 004",218.5,532,2.43478260869565,1908,8.73226544622426,1376
"561","E02000581","Kensington and Chelsea 005",169.2,465,2.74822695035461,1164,6.87943262411348,699
"562","E02000582","Kensington and Chelsea 006",157,609,3.87898089171975,2088,13.2993630573248,1479
"563","E02000583","Kensington and Chelsea 007",126.9,323,2.54531126871552,1569,12.3640661938534,1246
"564","E02000584","Kensington and Chelsea 008",89.7,1919,21.3935340022297,2118,23.6120401337793,199
"565","E02000585","Kensington and Chelsea 009",92.4,313,3.38744588744589,1743,18.8636363636364,1430
"566","E02000586","Kensington and Chelsea 010",147.9,2543,17.1940500338066,1804,12.1974306964165,-739
"567","E02000587","Kensington and Chelsea 011",144,565,3.92361111111111,1680,11.6666666666667,1115
"568","E02000588","Kensington and Chelsea 012",106.4,6980,65.6015037593985,1862,17.5,-5118
"569","E02000589","Kensington and Chelsea 013",227.7,616,2.70531400966184,1830,8.0368906455863,1214
"570","E02000590","Kensington and Chelsea 014",152.3,1301,8.54235062376888,1479,9.71109652002626,178
"571","E02000591","Kensington and Chelsea 015",187.6,158,0.842217484008529,1587,8.45948827292111,1429
"572","E02000592","Kensington and Chelsea 016",119.2,1741,14.6057046979866,1941,16.2835570469799,200
"573","E02000593","Kensington and Chelsea 017",153,162,1.05882352941176,1903,12.437908496732,1741
"574","E02000594","Kensington and Chelsea 018",93.7,1020,10.8858057630736,1680,17.9295624332978,660
"575","E02000595","Kensington and Chelsea 019",115.4,1894,16.4124783362218,1733,15.0173310225303,-161
"576","E02000596","Kensington and Chelsea 020",142.1,1541,10.844475721323,1979,13.926812104152,438
"577","E02000597","Kensington and Chelsea 021",180.5,348,1.92797783933518,1213,6.7202216066482,865
"578","E02000598","Kingston upon Thames 001",58.9,107,1.81663837011885,814,13.8200339558574,707
"579","E02000599","Kingston upon Thames 002",17.5,300,17.1428571428571,931,53.2,631
"580","E02000600","Kingston upon Thames 003",74.4,1092,14.6774193548387,1320,17.741935483871,228
"581","E02000601","Kingston upon Thames 004",97.2,353,3.63168724279835,1211,12.4588477366255,858
"582","E02000602","Kingston upon Thames 005",87.1,1337,15.3501722158439,1014,11.6417910447761,-323
"583","E02000603","Kingston upon Thames 006",59.4,111,1.86868686868687,868,14.6127946127946,757
"584","E02000604","Kingston upon Thames 007",56,1373,24.5178571428571,1144,20.4285714285714,-229
"585","E02000605","Kingston upon Thames 008",54.7,220,4.02193784277879,1014,18.5374771480804,794
"586","E02000606","Kingston upon Thames 009",67.5,7404,109.688888888889,1085,16.0740740740741,-6319
"587","E02000607","Kingston upon Thames 010",47.4,55,1.16033755274262,684,14.4303797468354,629
"588","E02000608","Kingston upon Thames 011",85.2,614,7.20657276995305,542,6.36150234741784,-72
"589","E02000609","Kingston upon Thames 012",50.4,130,2.57936507936508,823,16.3293650793651,693
"590","E02000610","Kingston upon Thames 013",68.6,455,6.63265306122449,725,10.5685131195335,270
"591","E02000611","Kingston upon Thames 014",40.6,74,1.82266009852217,721,17.7586206896552,647
"592","E02000612","Kingston upon Thames 015",42.5,96,2.25882352941176,959,22.5647058823529,863
"593","E02000613","Kingston upon Thames 016",65.2,127,1.9478527607362,995,15.260736196319,868
"594","E02000614","Kingston upon Thames 017",28.5,1442,50.5964912280702,1297,45.5087719298246,-145
"595","E02000615","Kingston upon Thames 018",45.7,204,4.46389496717724,1016,22.2319474835886,812
"596","E02000616","Kingston upon Thames 019",46,131,2.84782608695652,842,18.304347826087,711
"597","E02000617","Kingston upon Thames 020",12.1,798,65.9504132231405,950,78.5123966942149,152
"598","E02000619","Lambeth 002",146.9,280,1.90605854322668,1283,8.73383253914227,1003
"599","E02000620","Lambeth 003",129,1786,13.8449612403101,2015,15.6201550387597,229
"600","E02000621","Lambeth 004",143.1,1783,12.4598183088749,2629,18.3717679944095,846
"601","E02000622","Lambeth 005",104,467,4.49038461538461,1885,18.125,1418
"602","E02000623","Lambeth 006",174.2,57,0.327210103329506,1545,8.8691159586682,1488
"603","E02000624","Lambeth 007",138.6,89,0.642135642135642,1815,13.0952380952381,1726
"604","E02000625","Lambeth 008",150.6,434,2.88180610889774,1748,11.6069057104914,1314
"605","E02000626","Lambeth 009",149.4,128,0.856760374832664,1272,8.5140562248996,1144
"606","E02000627","Lambeth 010",181.9,337,1.85266630016493,2618,14.392523364486,2281
"607","E02000628","Lambeth 011",148.4,1395,9.40026954177898,1745,11.7587601078167,350
"608","E02000629","Lambeth 012",140.8,424,3.01136363636364,3030,21.5198863636364,2606
"609","E02000630","Lambeth 013",107.1,790,7.37628384687208,2287,21.3538748832867,1497
"610","E02000631","Lambeth 014",83,4881,58.8072289156626,1904,22.9397590361446,-2977
"611","E02000632","Lambeth 015",180.2,184,1.02108768035516,3563,19.7724750277469,3379
"612","E02000633","Lambeth 016",136.9,1278,9.33528122717312,1720,12.563915266618,442
"613","E02000634","Lambeth 017",131.4,538,4.09436834094368,1812,13.7899543378995,1274
"614","E02000635","Lambeth 018",73.7,262,3.55495251017639,2020,27.4084124830393,1758
"615","E02000636","Lambeth 019",82.7,471,5.69528415961306,2581,31.2091898428053,2110
"616","E02000637","Lambeth 020",148.7,168,1.12979152656355,2174,14.6200403496974,2006
"617","E02000638","Lambeth 021",144.5,382,2.64359861591696,2349,16.2560553633218,1967
"618","E02000639","Lambeth 022",139,40,0.287769784172662,1530,11.0071942446043,1490
"619","E02000640","Lambeth 023",111.5,168,1.5067264573991,2694,24.1614349775785,2526
"620","E02000641","Lambeth 024",143.9,86,0.597637248088951,1651,11.4732453092425,1565
"621","E02000642","Lambeth 025",88.8,192,2.16216216216216,2133,24.0202702702703,1941
"622","E02000643","Lambeth 026",119.4,163,1.36515912897822,2319,19.4221105527638,2156
"623","E02000644","Lambeth 027",95.3,173,1.81532004197272,1982,20.797481636936,1809
"624","E02000645","Lambeth 028",79.6,901,11.3190954773869,2193,27.5502512562814,1292
"625","E02000646","Lambeth 029",96.2,669,6.95426195426195,2559,26.6008316008316,1890
"626","E02000647","Lambeth 030",87.7,106,1.20866590649943,1859,21.1972633979475,1753
"627","E02000648","Lambeth 031",110.6,132,1.19349005424955,1337,12.0886075949367,1205
"628","E02000649","Lambeth 032",108,859,7.9537037037037,2955,27.3611111111111,2096
"629","E02000650","Lambeth 033",96.2,97,1.00831600831601,1534,15.9459459459459,1437
"630","E02000651","Lambeth 034",76.7,151,1.96870925684485,1929,25.1499348109518,1778
"631","E02000652","Lambeth 035",107.1,68,0.634920634920635,1432,13.3706816059757,1364
"632","E02000653","Lewisham 001",126.3,126,0.997624703087886,1841,14.5764053840063,1715
"633","E02000654","Lewisham 002",85.2,393,4.61267605633803,1247,14.6361502347418,854
"634","E02000655","Lewisham 003",83.9,406,4.83909415971394,1671,19.9165673420739,1265
"635","E02000657","Lewisham 005",103.9,648,6.23676612127045,1945,18.7199230028874,1297
"636","E02000658","Lewisham 006",107.4,165,1.53631284916201,1767,16.4525139664804,1602
"637","E02000659","Lewisham 007",75,818,10.9066666666667,1375,18.3333333333333,557
"638","E02000660","Lewisham 008",99.4,227,2.28370221327968,2164,21.7706237424547,1937
"639","E02000661","Lewisham 009",49.3,840,17.0385395537525,1597,32.393509127789,757
"640","E02000662","Lewisham 010",105.2,254,2.41444866920152,1673,15.9030418250951,1419
"641","E02000663","Lewisham 011",109.6,53,0.483576642335766,1482,13.521897810219,1429
"642","E02000664","Lewisham 012",70.2,4613,65.7122507122507,2059,29.3304843304843,-2554
"643","E02000665","Lewisham 013",98.9,210,2.12335692618807,1711,17.3003033367037,1501
"644","E02000666","Lewisham 014",76.9,131,1.70351105331599,1400,18.2054616384915,1269
"645","E02000667","Lewisham 015",89.8,66,0.734966592427617,1350,15.0334075723831,1284
"646","E02000668","Lewisham 016",66,213,3.22727272727273,1303,19.7424242424242,1090
"647","E02000669","Lewisham 017",117,279,2.38461538461538,1726,14.7521367521368,1447
"648","E02000670","Lewisham 018",105.2,169,1.606463878327,943,8.9638783269962,774
"649","E02000671","Lewisham 019",84.5,477,5.64497041420118,2068,24.4733727810651,1591
"650","E02000672","Lewisham 020",72.3,2978,41.1894882434302,1455,20.1244813278008,-1523
"651","E02000673","Lewisham 021",75.5,314,4.15894039735099,2000,26.4900662251656,1686
"652","E02000674","Lewisham 022",98,85,0.86734693877551,1659,16.9285714285714,1574
"653","E02000675","Lewisham 023",57.2,83,1.45104895104895,1584,27.6923076923077,1501
"654","E02000676","Lewisham 024",103.4,90,0.870406189555126,1874,18.1237911025145,1784
"655","E02000677","Lewisham 025",68.5,258,3.76642335766423,1305,19.0510948905109,1047
"656","E02000678","Lewisham 026",58.9,51,0.865874363327674,924,15.6876061120543,873
"657","E02000679","Lewisham 027",84.2,145,1.72209026128266,1660,19.7149643705463,1515
"658","E02000680","Lewisham 028",89.2,211,2.36547085201794,1121,12.567264573991,910
"659","E02000681","Lewisham 029",59.8,448,7.49163879598662,1513,25.3010033444816,1065
"660","E02000682","Lewisham 030",68.6,195,2.84256559766764,1347,19.6355685131195,1152
"661","E02000683","Lewisham 031",67.2,99,1.47321428571429,1050,15.625,951
"662","E02000685","Lewisham 033",79.4,222,2.79596977329975,1493,18.8035264483627,1271
"663","E02000686","Lewisham 034",38.6,257,6.6580310880829,999,25.880829015544,742
"664","E02000687","Lewisham 035",102,213,2.08823529411765,1370,13.4313725490196,1157
"665","E02000689","Merton 001",42.4,1351,31.8632075471698,1376,32.4528301886792,25
"666","E02000690","Merton 002",10.5,773,73.6190476190476,718,68.3809523809524,-55
"667","E02000691","Merton 003",79,1508,19.0886075949367,1386,17.5443037974684,-122
"668","E02000692","Merton 004",67,3212,47.9402985074627,1433,21.3880597014925,-1779
"669","E02000693","Merton 005",87.6,879,10.0342465753425,2097,23.9383561643836,1218
"670","E02000694","Merton 006",112.8,696,6.17021276595745,1266,11.2234042553191,570
"671","E02000695","Merton 007",102.8,92,0.894941634241245,1590,15.4669260700389,1498
"672","E02000696","Merton 008",108.9,157,1.44168962350781,1633,14.9954086317723,1476
"673","E02000697","Merton 009",70.9,2616,36.8970380818054,1403,19.7884344146685,-1213
"674","E02000698","Merton 010",44.5,305,6.85393258426966,892,20.0449438202247,587
"675","E02000699","Merton 011",82.6,179,2.16707021791768,917,11.1016949152542,738
"676","E02000700","Merton 012",89.9,516,5.73971078976641,1618,17.9977753058954,1102
"677","E02000701","Merton 013",88,227,2.57954545454545,1659,18.8522727272727,1432
"678","E02000702","Merton 014",49,66,1.3469387755102,1525,31.1224489795918,1459
"679","E02000703","Merton 015",53.1,47,0.885122410546139,1103,20.7721280602637,1056
"680","E02000704","Merton 016",46.3,1290,27.8617710583153,1532,33.0885529157667,242
"681","E02000705","Merton 017",65.4,96,1.46788990825688,1471,22.4923547400612,1375
"682","E02000706","Merton 018",95.1,378,3.97476340694006,1569,16.4984227129338,1191
"683","E02000707","Merton 019",64.6,74,1.14551083591331,1287,19.922600619195,1213
"684","E02000708","Merton 020",50.3,554,11.013916500994,1282,25.4870775347913,728
"685","E02000709","Merton 021",44.9,38,0.846325167037862,1116,24.8552338530067,1078
"686","E02000710","Merton 022",25.8,2084,80.7751937984496,1513,58.6434108527132,-571
"687","E02000711","Merton 023",61.3,1441,23.5073409461664,1247,20.3425774877651,-194
"688","E02000712","Merton 024",53.4,326,6.10486891385768,1435,26.87265917603,1109
"689","E02000713","Merton 025",48.8,315,6.45491803278689,1240,25.4098360655738,925
"690","E02000714","Newham 001",148,80,0.540540540540541,1335,9.02027027027027,1255
"691","E02000715","Newham 002",172.9,169,0.977443609022556,849,4.91035280508965,680
"692","E02000716","Newham 003",47,79,1.68085106382979,1059,22.531914893617,980
"693","E02000717","Newham 004",162.4,392,2.41379310344828,1091,6.7179802955665,699
"694","E02000718","Newham 005",109.5,44,0.401826484018265,728,6.64840182648402,684
"695","E02000719","Newham 006",118.3,178,1.50464919695689,1185,10.0169061707523,1007
"696","E02000720","Newham 007",142.6,155,1.08695652173913,1137,7.97335203366059,982
"697","E02000721","Newham 008",163.9,758,4.62477120195241,1280,7.80964002440512,522
"698","E02000722","Newham 009",181.9,239,1.31390874106652,1610,8.85101704233095,1371
"699","E02000723","Newham 010",149.3,466,3.12123241795044,1597,10.6965840589417,1131
"700","E02000724","Newham 011",189.4,46,0.242872228088701,1189,6.27771911298838,1143
"701","E02000725","Newham 012",111.9,3882,34.6916890080429,1891,16.8990169794459,-1991
"702","E02000726","Newham 013",26.2,2096,80,1823,69.5801526717557,-273
"703","E02000727","Newham 014",210.4,344,1.63498098859316,1000,4.75285171102662,656
"704","E02000728","Newham 015",125.5,24,0.191235059760956,1094,8.71713147410359,1070
"705","E02000729","Newham 016",100.5,47,0.467661691542289,1050,10.4477611940299,1003
"706","E02000730","Newham 017",178.6,376,2.10526315789474,1241,6.9484882418813,865
"707","E02000731","Newham 018",173.4,1537,8.8638985005767,1400,8.07381776239908,-137
"708","E02000732","Newham 019",171.4,334,1.94865810968495,780,4.55075845974329,446
"709","E02000733","Newham 020",131.8,306,2.32169954476479,1681,12.7541729893778,1375
"710","E02000734","Newham 021",200.9,31,0.1543056246889,1053,5.24141363862618,1022
"711","E02000735","Newham 022",138.3,236,1.70643528561099,1055,7.62834417932032,819
"712","E02000736","Newham 023",68.3,455,6.66178623718887,1136,16.6325036603221,681
"713","E02000737","Newham 024",112.2,715,6.37254901960784,1353,12.0588235294118,638
"714","E02000738","Newham 025",184.3,76,0.412371134020619,1282,6.95604991861096,1206
"715","E02000739","Newham 026",152.1,282,1.85404339250493,1022,6.71926364234057,740
"716","E02000740","Newham 027",53.7,475,8.84543761638734,932,17.3556797020484,457
"717","E02000741","Newham 028",109.3,2379,21.7657822506862,1360,12.4428179322964,-1019
"718","E02000742","Newham 029",101.2,65,0.642292490118577,1131,11.1758893280632,1066
"719","E02000743","Newham 030",125.4,838,6.68261562998405,1190,9.4896331738437,352
"720","E02000744","Newham 031",134.2,127,0.946348733233979,1228,9.150521609538,1101
"721","E02000745","Newham 032",112.5,34,0.302222222222222,1434,12.7466666666667,1400
"722","E02000746","Newham 033",17.5,3226,184.342857142857,953,54.4571428571429,-2273
"723","E02000747","Newham 034",56.1,1765,31.4616755793226,2506,44.6702317290553,741
"724","E02000748","Newham 035",46.9,1658,35.3518123667377,902,19.2324093816631,-756
"725","E02000749","Newham 036",57.7,600,10.3986135181976,1107,19.1854419410745,507
"726","E02000750","Newham 037",32.3,1892,58.5758513931889,2385,73.8390092879257,493
"727","E02000751","Redbridge 001",33.9,671,19.7935103244838,745,21.976401179941,74
"728","E02000752","Redbridge 002",14,588,42,805,57.5,217
"729","E02000753","Redbridge 003",81,6,0.0740740740740741,477,5.88888888888889,471
"730","E02000754","Redbridge 004",52.2,17,0.325670498084291,618,11.8390804597701,601
"731","E02000755","Redbridge 005",38.8,103,2.65463917525773,501,12.9123711340206,398
"732","E02000756","Redbridge 006",35.1,1001,28.5185185185185,1893,53.9316239316239,892
"733","E02000757","Redbridge 007",77.2,1043,13.5103626943005,2389,30.9455958549223,1346
"734","E02000758","Redbridge 008",51.9,100,1.92678227360308,646,12.4470134874759,546
"735","E02000759","Redbridge 009",51.4,373,7.2568093385214,1724,33.5408560311284,1351
"736","E02000760","Redbridge 010",67,222,3.3134328358209,760,11.3432835820896,538
"737","E02000762","Redbridge 012",78.7,71,0.902160101651842,840,10.6734434561626,769
"738","E02000763","Redbridge 013",9,413,45.8888888888889,998,110.888888888889,585
"739","E02000764","Redbridge 014",59.8,981,16.4046822742475,2253,37.6755852842809,1272
"740","E02000765","Redbridge 015",86.9,290,3.33716915995397,496,5.70771001150748,206
"741","E02000767","Redbridge 017",86.8,645,7.43087557603687,960,11.0599078341014,315
"742","E02000768","Redbridge 018",33.3,81,2.43243243243243,382,11.4714714714715,301
"743","E02000769","Redbridge 019",94.1,434,4.61211477151966,2672,28.3953241232731,2238
"744","E02000770","Redbridge 020",64.9,125,1.92604006163328,1034,15.9322033898305,909
"745","E02000772","Redbridge 022",56.6,2494,44.0636042402827,1171,20.6890459363958,-1323
"746","E02000773","Redbridge 023",96.6,465,4.81366459627329,1339,13.8612836438923,874
"747","E02000774","Redbridge 024",106.3,174,1.63687676387582,913,8.58889934148636,739
"748","E02000776","Redbridge 026",106.1,447,4.21300659754948,691,6.51272384542884,244
"749","E02000777","Redbridge 027",16.8,38,2.26190476190476,646,38.4523809523809,608
"750","E02000779","Redbridge 029",85.9,1203,14.0046565774156,1032,12.0139697322468,-171
"751","E02000780","Redbridge 030",115.4,4275,37.0450606585789,2121,18.3795493934142,-2154
"752","E02000781","Redbridge 031",72.6,399,5.49586776859504,2381,32.7961432506887,1982
"753","E02000782","Redbridge 032",133.1,1013,7.61081893313298,1198,9.0007513148009,185
"754","E02000783","Redbridge 033",128.1,88,0.68696330991413,715,5.5815768930523,627
"755","E02000784","Richmond upon Thames 001",38.9,343,8.81748071979434,1870,48.0719794344473,1527
"756","E02000785","Richmond upon Thames 002",23.9,1109,46.4016736401674,1809,75.6903765690377,700
"757","E02000786","Richmond upon Thames 003",59.2,367,6.19932432432432,2318,39.1554054054054,1951
"758","E02000787","Richmond upon Thames 004",61.2,540,8.8235294117647,1881,30.7352941176471,1341
"759","E02000788","Richmond upon Thames 005",80.1,510,6.36704119850187,1548,19.3258426966292,1038
"760","E02000789","Richmond upon Thames 006",33.8,434,12.8402366863905,694,20.5325443786982,260
"761","E02000790","Richmond upon Thames 007",77.6,210,2.70618556701031,427,5.50257731958763,217
"762","E02000791","Richmond upon Thames 008",54.9,3645,66.3934426229508,673,12.2586520947177,-2972
"763","E02000792","Richmond upon Thames 009",56.1,188,3.35115864527629,881,15.7040998217469,693
"764","E02000793","Richmond upon Thames 010",61.2,214,3.49673202614379,1185,19.3627450980392,971
"765","E02000794","Richmond upon Thames 011",45.1,432,9.57871396895787,775,17.1840354767184,343
"766","E02000795","Richmond upon Thames 012",5.7,217,38.0701754385965,724,127.017543859649,507
"767","E02000796","Richmond upon Thames 013",53.9,291,5.39888682745826,1751,32.4860853432282,1460
"768","E02000797","Richmond upon Thames 014",76.4,2399,31.4005235602094,898,11.7539267015707,-1501
"769","E02000798","Richmond upon Thames 015",42.9,331,7.71561771561772,1736,40.4662004662005,1405
"770","E02000799","Richmond upon Thames 016",50,319,6.38,815,16.3,496
"771","E02000800","Richmond upon Thames 017",28.3,18,0.636042402826855,438,15.4770318021201,420
"772","E02000801","Richmond upon Thames 018",66.9,805,12.0328849028401,813,12.152466367713,8
"773","E02000802","Richmond upon Thames 019",46.5,423,9.09677419354839,779,16.752688172043,356
"774","E02000803","Richmond upon Thames 020",48.1,358,7.44282744282744,1490,30.977130977131,1132
"775","E02000804","Richmond upon Thames 021",19,1501,79,866,45.5789473684211,-635
"776","E02000805","Richmond upon Thames 022",37.3,515,13.8069705093834,1042,27.9356568364611,527
"777","E02000806","Richmond upon Thames 023",14.5,713,49.1724137931034,1513,104.344827586207,800
"778","E02000807","Southwark 001",116.8,122,1.04452054794521,2808,24.041095890411,2686
"779","E02000808","Southwark 002",87,22570,259.425287356322,1470,16.8965517241379,-21100
"780","E02000809","Southwark 003",152.9,12875,84.2053629823414,3024,19.7776324395029,-9851
"781","E02000810","Southwark 004",133.2,387,2.90540540540541,1850,13.8888888888889,1463
"782","E02000812","Southwark 006",146.6,1550,10.5729877216917,1761,12.012278308322,211
"783","E02000813","Southwark 007",96.1,611,6.3579604578564,1877,19.531737773153,1266
"784","E02000814","Southwark 008",88,251,2.85227272727273,2705,30.7386363636364,2454
"785","E02000815","Southwark 009",154.4,427,2.76554404145078,1001,6.48316062176166,574
"786","E02000816","Southwark 010",119.1,372,3.12342569269521,1857,15.5919395465995,1485
"787","E02000817","Southwark 011",98.1,218,2.22222222222222,1046,10.6625891946993,828
"788","E02000818","Southwark 012",128.9,353,2.73855702094647,1244,9.65089216446858,891
"789","E02000819","Southwark 013",154.9,218,1.40735958683021,1541,9.94835377663008,1323
"790","E02000820","Southwark 014",189,270,1.42857142857143,1623,8.58730158730159,1353
"791","E02000821","Southwark 015",116.7,355,3.04198800342759,1227,10.5141388174807,872
"792","E02000822","Southwark 016",169.3,105,0.620200826934436,1152,6.8044890726521,1047
"793","E02000823","Southwark 017",120.1,131,1.09075770191507,1245,10.3663613655287,1114
"794","E02000824","Southwark 018",98.4,827,8.40447154471545,1368,13.9024390243902,541
"795","E02000825","Southwark 019",181,121,0.668508287292818,1522,8.40883977900553,1401
"796","E02000826","Southwark 020",161.7,243,1.50278293135436,1527,9.44341372912802,1284
"797","E02000827","Southwark 021",152.1,894,5.87771203155819,1949,12.8139381985536,1055
"798","E02000828","Southwark 022",131.8,642,4.87101669195751,1407,10.6752655538695,765
"799","E02000829","Southwark 023",131.2,115,0.876524390243902,2044,15.5792682926829,1929
"800","E02000830","Southwark 024",106.1,1570,14.7973609802074,2104,19.8303487276155,534
"801","E02000831","Southwark 025",116.4,538,4.62199312714777,2075,17.8264604810997,1537
"802","E02000832","Southwark 026",117.8,192,1.62988115449915,1744,14.804753820034,1552
"803","E02000833","Southwark 027",93.9,179,1.9062832800852,1458,15.5271565495208,1279
"804","E02000834","Southwark 028",75.8,323,4.26121372031662,2591,34.1820580474934,2268
"805","E02000835","Southwark 029",49.6,53,1.06854838709677,1445,29.133064516129,1392
"806","E02000836","Southwark 030",109,315,2.88990825688073,2083,19.1100917431193,1768
"807","E02000837","Southwark 031",38.2,369,9.65968586387434,1987,52.0157068062827,1618
"808","E02000838","Southwark 032",85.8,91,1.06060606060606,2295,26.7482517482518,2204
"809","E02000839","Southwark 033",29.1,394,13.5395189003436,1727,59.3470790378007,1333
"810","E02000840","Sutton 001",59.8,88,1.47157190635452,1313,21.9565217391304,1225
"811","E02000841","Sutton 002",75.5,1645,21.7880794701987,1368,18.1192052980132,-277
"812","E02000842","Sutton 003",47.4,745,15.7172995780591,1169,24.662447257384,424
"813","E02000843","Sutton 004",58.6,631,10.7679180887372,1342,22.901023890785,711
"814","E02000844","Sutton 005",76.9,166,2.15864759427828,1262,16.4109232769831,1096
"815","E02000845","Sutton 006",58.9,321,5.44991511035654,1297,22.0203735144312,976
"816","E02000846","Sutton 007",51.6,164,3.17829457364341,1027,19.9031007751938,863
"817","E02000847","Sutton 008",57.1,487,8.52889667250438,1263,22.1190893169877,776
"818","E02000848","Sutton 009",68.6,478,6.96793002915452,1077,15.6997084548105,599
"819","E02000849","Sutton 010",62.7,193,3.07814992025518,1286,20.5103668261563,1093
"820","E02000850","Sutton 011",20.7,3214,155.265700483092,1900,91.7874396135266,-1314
"821","E02000851","Sutton 012",73,5122,70.1643835616438,1362,18.6575342465753,-3760
"822","E02000852","Sutton 013",78.4,125,1.59438775510204,1249,15.9311224489796,1124
"823","E02000853","Sutton 014",60.9,98,1.60919540229885,1027,16.863711001642,929
"824","E02000854","Sutton 015",43.6,543,12.454128440367,932,21.3761467889908,389
"825","E02000855","Sutton 016",41.8,598,14.3062200956938,907,21.6985645933014,309
"826","E02000856","Sutton 017",65.3,1325,20.2909647779479,1383,21.1791730474732,58
"827","E02000857","Sutton 018",77.5,570,7.35483870967742,1021,13.1741935483871,451
"828","E02000858","Sutton 019",50.2,361,7.19123505976096,1025,20.4183266932271,664
"829","E02000859","Sutton 020",47.7,374,7.84067085953878,1335,27.9874213836478,961
"830","E02000860","Sutton 021",86.5,809,9.35260115606936,1239,14.3236994219653,430
"831","E02000861","Sutton 022",29.3,688,23.481228668942,838,28.6006825938567,150
"832","E02000863","Sutton 024",9.7,172,17.7319587628866,694,71.5463917525773,522
"833","E02000864","Tower Hamlets 001",65.8,417,6.33738601823708,1322,20.0911854103343,905
"834","E02000865","Tower Hamlets 002",152.1,492,3.23471400394477,1050,6.90335305719921,558
"835","E02000866","Tower Hamlets 003",85.2,171,2.00704225352113,2073,24.330985915493,1902
"836","E02000867","Tower Hamlets 004",120.6,895,7.4212271973466,2743,22.7446102819237,1848
"837","E02000868","Tower Hamlets 005",184.6,328,1.77681473456121,842,4.56121343445287,514
"838","E02000869","Tower Hamlets 006",177,153,0.864406779661017,665,3.75706214689266,512
"839","E02000870","Tower Hamlets 007",164,286,1.74390243902439,1037,6.32317073170732,751
"840","E02000871","Tower Hamlets 008",128.4,378,2.94392523364486,1536,11.9626168224299,1158
"841","E02000872","Tower Hamlets 009",164.3,357,2.17285453438831,991,6.03164942178941,634
"842","E02000873","Tower Hamlets 010",172.6,986,5.71263035921205,1142,6.61645422943221,156
"843","E02000874","Tower Hamlets 011",207.9,157,0.755170755170755,928,4.46368446368446,771
"844","E02000875","Tower Hamlets 012",141.4,457,3.23196605374823,1628,11.5134370579915,1171
"845","E02000876","Tower Hamlets 013",130.7,819,6.26625860749809,935,7.15378729915838,116
"846","E02000877","Tower Hamlets 014",121.3,507,4.17971970321517,1585,13.0667765869744,1078
"847","E02000878","Tower Hamlets 015",161.1,6993,43.4078212290503,1262,7.83364369956549,-5731
"848","E02000879","Tower Hamlets 016",172,209,1.21511627906977,1021,5.93604651162791,812
"849","E02000880","Tower Hamlets 017",155.1,866,5.58349451966473,701,4.51966473243069,-165
"850","E02000881","Tower Hamlets 018",98,106,1.08163265306122,836,8.53061224489796,730
"851","E02000882","Tower Hamlets 019",149.8,331,2.20961281708945,1166,7.78371161548732,835
"852","E02000883","Tower Hamlets 020",168.1,288,1.71326591314694,1010,6.00832837596669,722
"853","E02000884","Tower Hamlets 021",166.6,3329,19.9819927971188,1433,8.60144057623049,-1896
"854","E02000885","Tower Hamlets 022",204.1,378,1.85203331700147,719,3.52278294953454,341
"855","E02000886","Tower Hamlets 023",149.7,157,1.04876419505678,1735,11.5898463593854,1578
"856","E02000887","Tower Hamlets 024",148.6,488,3.28398384925976,1285,8.64737550471063,797
"857","E02000888","Tower Hamlets 025",155.9,318,2.03976908274535,1726,11.0711994868505,1408
"858","E02000889","Tower Hamlets 026",114.1,1035,9.07099035933392,1184,10.3768624014023,149
"859","E02000890","Tower Hamlets 027",103,667,6.47572815533981,1530,14.8543689320388,863
"860","E02000891","Tower Hamlets 028",83.1,4302,51.7689530685921,3092,37.208182912154,-1210
"861","E02000893","Tower Hamlets 030",94.4,149,1.57838983050847,1428,15.1271186440678,1279
"862","E02000894","Tower Hamlets 031",185,103,0.556756756756757,3065,16.5675675675676,2962
"863","E02000895","Waltham Forest 001",36.4,186,5.10989010989011,789,21.6758241758242,603
"864","E02000896","Waltham Forest 002",31.3,646,20.6389776357827,1146,36.6134185303514,500
"865","E02000897","Waltham Forest 003",42.9,125,2.91375291375291,957,22.3076923076923,832
"866","E02000898","Waltham Forest 004",50.6,180,3.55731225296443,1112,21.9762845849802,932
"867","E02000899","Waltham Forest 005",65.8,395,6.00303951367781,1138,17.2948328267477,743
"868","E02000900","Waltham Forest 006",52.1,512,9.82725527831094,1069,20.5182341650672,557
"869","E02000901","Waltham Forest 007",54.5,689,12.6422018348624,1685,30.9174311926606,996
"870","E02000902","Waltham Forest 008",67.7,89,1.31462333825702,1355,20.0147710487445,1266
"871","E02000903","Waltham Forest 009",46,193,4.19565217391304,1269,27.5869565217391,1076
"872","E02000904","Waltham Forest 010",56.4,634,11.241134751773,1307,23.1737588652482,673
"873","E02000905","Waltham Forest 011",91.4,945,10.3391684901532,1598,17.4835886214442,653
"874","E02000906","Waltham Forest 012",149.6,131,0.875668449197861,1465,9.7927807486631,1334
"875","E02000907","Waltham Forest 013",111.9,555,4.9597855227882,1377,12.3056300268097,822
"876","E02000908","Waltham Forest 014",44.6,1035,23.2062780269058,2091,46.8834080717489,1056
"877","E02000909","Waltham Forest 015",62.1,435,7.0048309178744,1637,26.3607085346216,1202
"878","E02000910","Waltham Forest 016",135.3,761,5.62453806356245,1892,13.9837398373984,1131
"879","E02000911","Waltham Forest 017",122.1,1361,11.1466011466011,1836,15.036855036855,475
"880","E02000912","Waltham Forest 018",37,90,2.43243243243243,1539,41.5945945945946,1449
"881","E02000913","Waltham Forest 019",82.4,2209,26.8082524271845,1374,16.6747572815534,-835
"882","E02000914","Waltham Forest 020",151.4,696,4.59709379128137,1558,10.2906208718626,862
"883","E02000915","Waltham Forest 021",57.9,336,5.80310880829016,1387,23.9550949913644,1051
"884","E02000916","Waltham Forest 022",42.7,1441,33.7470725995316,1661,38.8992974238876,220
"885","E02000917","Waltham Forest 023",135.1,147,1.0880829015544,1615,11.9541080680977,1468
"886","E02000918","Waltham Forest 024",109.6,874,7.97445255474453,1339,12.2171532846715,465
"887","E02000919","Waltham Forest 025",164,63,0.384146341463415,1695,10.3353658536585,1632
"888","E02000920","Waltham Forest 026",54.3,1272,23.4254143646409,1771,32.6151012891344,499
"889","E02000921","Waltham Forest 027",131,272,2.0763358778626,1763,13.4580152671756,1491
"890","E02000922","Waltham Forest 028",161.2,153,0.949131513647643,1954,12.12158808933,1801
"891","E02000923","Wandsworth 001",69.8,593,8.49570200573066,1975,28.2951289398281,1382
"892","E02000924","Wandsworth 002",55,4496,81.7454545454545,3065,55.7272727272727,-1431
"893","E02000925","Wandsworth 003",177.6,101,0.568693693693694,1522,8.56981981981982,1421
"894","E02000926","Wandsworth 004",141.9,842,5.93375616631431,2535,17.8646934460888,1693
"895","E02000927","Wandsworth 005",150.9,128,0.848243870112657,1895,12.5579854208085,1767
"896","E02000928","Wandsworth 006",90,298,3.31111111111111,2064,22.9333333333333,1766
"897","E02000929","Wandsworth 007",180.6,35,0.193798449612403,1354,7.49723145071982,1319
"898","E02000930","Wandsworth 008",119.4,1399,11.7169179229481,3412,28.5762144053601,2013
"899","E02000931","Wandsworth 009",106.5,112,1.05164319248826,2973,27.9154929577465,2861
"900","E02000932","Wandsworth 010",81.3,4443,54.6494464944649,3407,41.9065190651907,-1036
"901","E02000933","Wandsworth 011",81.7,462,5.65483476132191,2262,27.6866585067319,1800
"902","E02000934","Wandsworth 012",116,2427,20.9224137931034,3238,27.9137931034483,811
"903","E02000935","Wandsworth 013",48,504,10.5,936,19.5,432
"904","E02000936","Wandsworth 014",92.4,242,2.61904761904762,2223,24.0584415584416,1981
"905","E02000937","Wandsworth 015",62.6,176,2.81150159744409,1903,30.3993610223642,1727
"906","E02000938","Wandsworth 016",54.2,191,3.5239852398524,1979,36.5129151291513,1788
"907","E02000939","Wandsworth 017",109.4,231,2.11151736745887,1605,14.6709323583181,1374
"908","E02000940","Wandsworth 018",111.8,1689,15.1073345259392,1883,16.8425760286225,194
"909","E02000941","Wandsworth 019",93.7,243,2.59338313767343,2528,26.9797225186766,2285
"910","E02000942","Wandsworth 020",95.6,211,2.2071129707113,2296,24.0167364016736,2085
"911","E02000943","Wandsworth 021",119.1,1007,8.45507976490344,2436,20.4534005037783,1429
"912","E02000944","Wandsworth 022",123,125,1.01626016260163,1388,11.2845528455285,1263
"913","E02000945","Wandsworth 023",34.5,192,5.56521739130435,1345,38.9855072463768,1153
"914","E02000946","Wandsworth 024",82.5,473,5.73333333333333,2006,24.3151515151515,1533
"915","E02000947","Wandsworth 025",104.2,389,3.73320537428023,2549,24.4625719769674,2160
"916","E02000948","Wandsworth 026",74.4,114,1.53225806451613,2506,33.6827956989247,2392
"917","E02000949","Wandsworth 027",70.1,1662,23.7089871611983,2461,35.1069900142653,799
"918","E02000950","Wandsworth 028",88.2,124,1.40589569160998,1794,20.3401360544218,1670
"919","E02000951","Wandsworth 029",135.3,161,1.18994826311899,1607,11.8773096821877,1446
"920","E02000952","Wandsworth 030",112,79,0.705357142857143,1181,10.5446428571429,1102
"921","E02000953","Wandsworth 031",102.9,213,2.06997084548105,1854,18.0174927113703,1641
"922","E02000954","Wandsworth 032",142.8,163,1.14145658263305,1345,9.4187675070028,1182
"923","E02000955","Wandsworth 033",119.7,112,0.935672514619883,919,7.67752715121136,807
"924","E02000956","Wandsworth 034",89.9,4594,51.1012235817575,1246,13.8598442714127,-3348
"925","E02000957","Wandsworth 035",142.4,988,6.93820224719101,2357,16.5519662921348,1369
"926","E02000958","Wandsworth 036",92.8,78,0.84051724137931,1412,15.2155172413793,1334
"927","E02000959","Wandsworth 037",138.5,40,0.288808664259928,1403,10.129963898917,1363
"928","E02000960","Westminster 001",71.8,908,12.6462395543175,1152,16.0445682451253,244
"929","E02000961","Westminster 002",116.2,129,1.11015490533563,2065,17.7710843373494,1936
"930","E02000962","Westminster 003",124.3,431,3.467417538214,1823,14.6661303298471,1392
"931","E02000963","Westminster 004",212.9,70,0.328792860497886,1735,8.14936589948332,1665
"932","E02000964","Westminster 005",246.7,231,0.936359951357925,2797,11.3376570733685,2566
"933","E02000965","Westminster 006",175.6,165,0.939635535307517,2427,13.8211845102506,2262
"934","E02000966","Westminster 007",173.3,215,1.24062319676861,2615,15.0894402769763,2400
"935","E02000967","Westminster 008",51.5,3969,77.0679611650485,1602,31.1067961165049,-2367
"936","E02000968","Westminster 009",235.9,1118,4.73929631199661,1692,7.17253073336159,574
"937","E02000969","Westminster 010",171.8,628,3.65541327124563,1268,7.38067520372526,640
"938","E02000970","Westminster 011",82.9,25016,301.761158021713,1346,16.2364294330519,-23670
"939","E02000971","Westminster 012",155.5,5362,34.4823151125402,1453,9.34405144694534,-3909
"940","E02000972","Westminster 013",64.5,81798,1268.18604651163,1136,17.6124031007752,-80662
"941","E02000973","Westminster 014",186,348,1.87096774193548,2867,15.4139784946237,2519
"942","E02000974","Westminster 015",127.6,5606,43.9341692789969,1348,10.564263322884,-4258
"943","E02000975","Westminster 016",180.8,2035,11.2555309734513,2124,11.7477876106195,89
"944","E02000976","Westminster 017",215.4,1019,4.73073351903435,2791,12.9572887650882,1772
"945","E02000977","Westminster 018",29.8,94238,3162.34899328859,932,31.2751677852349,-93306
"946","E02000978","Westminster 019",25.8,8820,341.860465116279,1270,49.2248062015504,-7550
"947","E02000979","Westminster 020",58.1,41140,708.089500860585,1295,22.289156626506,-39845
"948","E02000980","Westminster 021",193.7,2174,11.223541559112,1548,7.99173980382034,-626
"949","E02000981","Westminster 022",247.2,404,1.63430420711974,2002,8.09870550161812,1598
"950","E02000982","Westminster 023",126,4396,34.8888888888889,1582,12.5555555555556,-2814
"951","E02000983","Westminster 024",223.4,117,0.523724261414503,1598,7.15308863025962,1481
"952","E02006782","Bromley 040",29.4,78,2.6530612244898,1199,40.7823129251701,1121
"953","E02006783","Lewisham 037",76.8,126,1.640625,1058,13.7760416666667,932
"954","E02006784","Lewisham 038",51,71,1.3921568627451,1206,23.6470588235294,1135
"955","E02006785","Bexley 029",46.9,37,0.788912579957356,903,19.2537313432836,866
"956","E02006786","Greenwich 033",55.4,29,0.523465703971119,1035,18.6823104693141,1006
"957","E02006787","Bromley 041",50.4,931,18.4722222222222,1409,27.9563492063492,478
"958","E02006788","Croydon 045",54,124,2.2962962962963,1620,30,1496
"959","E02006789","Bromley 042",2.9,722,248.965517241379,684,235.862068965517,-38
"960","E02006791","Ealing 040",97.9,65,0.663942798774259,1534,15.6690500510725,1469
"961","E02006792","Hounslow 029",57.9,5075,87.6511226252159,1811,31.2780656303972,-3264
"962","E02006793","Enfield 037",89.9,1528,16.9966629588432,984,10.9454949944383,-544
"963","E02006794","Haringey 037",105.4,982,9.3168880455408,783,7.42884250474383,-199
"964","E02006795","Harrow 032",84.1,84,0.998810939357907,1068,12.6991676575505,984
"965","E02006796","Hillingdon 033",19.6,1989,101.479591836735,1308,66.734693877551,-681
"966","E02006798","Lewisham 039",91.9,776,8.44396082698585,1319,14.3525571273123,543
"967","E02006799","Barking and Dagenham 023",83.8,613,7.31503579952267,1472,17.5656324582339,859
"968","E02006800","Redbridge 034",79.4,591,7.44332493702771,2067,26.0327455919395,1476
"969","E02006801","Lambeth 036",70.8,16390,231.497175141243,1181,16.680790960452,-15209
"970","E02006802","Southwark 034",111.5,3056,27.4080717488789,867,7.77578475336323,-2189
"971","E02006836","Sutton 025",24.8,211,8.50806451612903,920,37.0967741935484,709
"972","E02006853","Tower Hamlets 032",141.4,227,1.60537482319661,1232,8.71287128712871,1005
"973","E02006854","Tower Hamlets 033",64.4,45357,704.301242236025,1178,18.2919254658385,-44179
"974","E02006882","Harrow 033",66.6,1283,19.2642642642643,2697,40.4954954954955,1414
"975","E02006918","Hackney 028",146.7,87,0.593047034764826,1085,7.39604635310157,998
"976","E02006921","Hackney 029",171,28,0.16374269005848,539,3.15204678362573,511
"977","E02006924","Redbridge 035",53.1,726,13.6723163841808,1872,35.2542372881356,1146
"978","E02006925","Redbridge 036",53.1,1254,23.6158192090395,2289,43.1073446327684,1035
"979","E02006927","Greenwich 034",33,484,14.6666666666667,1332,40.3636363636364,848
"980","E02006928","Greenwich 035",136,512,3.76470588235294,1651,12.1397058823529,1139
"981","E02006929","Greenwich 036",29.4,2936,99.8639455782313,1724,58.6394557823129,-1212
"982","E02006930","Greenwich 037",75.6,884,11.6931216931217,1557,20.5952380952381,673
"983","E02006931","Greenwich 038",46.1,1800,39.0455531453362,2318,50.2819956616052,518
