"","MSOA11CD","MSOA11NM","POPDEN","o_dis","d_dis","od_dis"
"1","E02000001","City of London 001",25.5,4526.95887413954,4284.56058082303,8811.51945496257
"2","E02000002","Barking and Dagenham 001",31.3,2878.63970137948,2863.87649332208,5742.51619470156
"3","E02000003","Barking and Dagenham 002",46.9,3092.60055631999,3093.79716891378,6186.39772523377
"4","E02000004","Barking and Dagenham 003",24.8,2691.00363243105,2665.52053784329,5356.52417027435
"5","E02000005","Barking and Dagenham 004",72.1,3168.68402416157,3192.12956501994,6360.81358918151
"6","E02000007","Barking and Dagenham 006",50.6,3146.4999549462,3082.21537021633,6228.71532516253
"7","E02000008","Barking and Dagenham 007",81.5,3224.66663916609,3222.68898889186,6447.35562805795
"8","E02000009","Barking and Dagenham 008",87.4,3362.95479334742,3329.21615582199,6692.17094916941
"9","E02000010","Barking and Dagenham 009",76.8,3017.33738244324,3001.01581864814,6018.35320109138
"10","E02000011","Barking and Dagenham 010",38.8,2869.68221259326,2848.46048844507,5718.14270103834
"11","E02000012","Barking and Dagenham 011",76,3630.44484253694,3546.55833805074,7177.00318058769
"12","E02000013","Barking and Dagenham 012",64.4,3225.0538725228,3206.87182233234,6431.92569485514
"13","E02000014","Barking and Dagenham 013",78.8,3093.94328961777,3067.09174477196,6161.03503438973
"14","E02000015","Barking and Dagenham 014",55.5,2863.62685493631,2828.31294600193,5691.93980093825
"15","E02000016","Barking and Dagenham 015",86.6,4069.80250793972,4009.17428220841,8078.97679014814
"16","E02000017","Barking and Dagenham 016",97,3882.54060990588,3783.20631228609,7665.74692219196
"17","E02000018","Barking and Dagenham 017",65.5,3424.62227667381,3333.52230366095,6758.14458033476
"18","E02000019","Barking and Dagenham 018",27.2,2919.88955785318,3015.75747899958,5935.64703685276
"19","E02000020","Barking and Dagenham 019",27.1,3242.50547546347,3228.2576591485,6470.76313461197
"20","E02000021","Barking and Dagenham 020",27.4,2906.02180392718,2909.72409873577,5815.74590266295
"21","E02000022","Barking and Dagenham 021",117.2,3890.68819399753,3757.23492601742,7647.92312001495
"22","E02000023","Barking and Dagenham 022",37.1,3097.05990978796,3100.67882142946,6197.73873121742
"23","E02000024","Barnet 001",27.1,2826.44108217997,2856.245292849,5682.68637502897
"24","E02000025","Barnet 002",33.1,2936.36566508414,2867.0083754213,5803.37404050544
"25","E02000026","Barnet 003",43.1,2734.38390388866,2672.9809449458,5407.36484883446
"26","E02000027","Barnet 004",57.3,2849.3344855954,2897.00936785578,5746.34385345118
"27","E02000028","Barnet 005",58.4,2995.45025238536,2981.0854389819,5976.53569136726
"28","E02000029","Barnet 006",50.6,3074.32076080574,3091.05199277323,6165.37275357897
"29","E02000030","Barnet 007",6.3,2588.96472170917,2645.49343894666,5234.45816065583
"30","E02000031","Barnet 008",37.6,3327.55845906159,3380.64421189823,6708.20267095982
"31","E02000032","Barnet 009",56.2,3192.06998510138,3231.11508545877,6423.18507056015
"32","E02000033","Barnet 010",48.1,3374.37072574005,3409.53847095013,6783.90919669018
"33","E02000034","Barnet 011",54.6,3353.94112254432,3392.88831502853,6746.82943757286
"34","E02000035","Barnet 012",61.4,3462.74578015963,3503.39324427419,6966.13902443382
"35","E02000036","Barnet 013",59.9,3196.40224491598,3170.63134191511,6367.03358683109
"36","E02000037","Barnet 014",22.5,3063.86501595691,3069.67304008309,6133.53805604001
"37","E02000038","Barnet 015",59.7,3654.45020793935,3698.73361079523,7353.18381873459
"38","E02000039","Barnet 016",31.3,3269.97704556069,3256.00570922569,6525.98275478638
"39","E02000040","Barnet 017",14,3169.11513254486,3144.58335779052,6313.69849033539
"40","E02000041","Barnet 018",65.3,3246.41574072072,3241.0954522223,6487.51119294302
"41","E02000042","Barnet 019",87.7,3627.20643031853,3640.9129859033,7268.11941622183
"42","E02000043","Barnet 020",52.4,3358.62690226515,3490.32104562758,6848.94794789273
"43","E02000044","Barnet 021",72.9,3367.1288808134,3357.76526898714,6724.89414980054
"44","E02000045","Barnet 022",59,3728.95456071103,3757.56492242902,7486.51948314006
"45","E02000046","Barnet 023",72.9,3804.51241074905,3747.45457999954,7551.96699074859
"46","E02000047","Barnet 024",80,3357.82268960668,3366.65729165623,6724.47998126292
"47","E02000048","Barnet 025",31.8,3397.50602700975,3453.99878952609,6851.50481653584
"48","E02000049","Barnet 026",107.9,3340.97861853583,3357.3951087122,6698.37372724803
"49","E02000050","Barnet 027",47.5,3745.48592808531,3774.21000747748,7519.6959355628
"50","E02000051","Barnet 028",59.7,3814.20741162445,3765.12907431316,7579.33648593762
"51","E02000052","Barnet 029",100.1,4042.97685247248,4010.43999435683,8053.41684682931
"52","E02000053","Barnet 030",56.1,3575.19970714392,3653.06903565487,7228.2687427988
"53","E02000054","Barnet 031",48,3684.01006169868,3720.7000980323,7404.71015973098
"54","E02000055","Barnet 032",77.3,3781.95995144201,3777.26922444259,7559.2291758846
"55","E02000056","Barnet 033",28.5,3911.99133984912,3883.08859587766,7795.07993572678
"56","E02000057","Barnet 034",68.4,3875.0760885162,3881.60752007299,7756.68360858919
"57","E02000058","Barnet 035",56.4,3838.77854473092,3826.27044678956,7665.04899152047
"58","E02000059","Barnet 036",47.7,3751.9108281252,3742.84423900879,7494.75506713399
"59","E02000060","Barnet 037",88.6,3878.0530226796,3899.22931443263,7777.28233711223
"60","E02000061","Barnet 038",50.5,3894.58804942276,3856.00529006715,7750.59333948991
"61","E02000062","Barnet 039",34.5,3953.74433107841,3957.03720828498,7910.78153936339
"62","E02000063","Barnet 040",67.2,3936.3990012765,3951.98574556121,7888.38474683771
"63","E02000064","Barnet 041",78.7,4082.15059464324,4154.23511872361,8236.38571336684
"64","E02000065","Bexley 001",23.9,2921.96533068876,2870.45689045596,5792.42222114472
"65","E02000066","Bexley 002",61.3,3075.82585838614,3072.51575063,6148.34160901615
"66","E02000067","Bexley 003",37.8,2773.07939190877,2759.70991495974,5532.7893068685
"67","E02000068","Bexley 004",32.5,2649.33371377837,2621.19235868222,5270.52607246059
"68","E02000069","Bexley 005",42.7,2840.53256613338,2841.76728127032,5682.2998474037
"69","E02000070","Bexley 006",42.4,3016.53896518723,3032.54914567925,6049.08811086649
"70","E02000071","Bexley 007",61.9,2767.28645768079,2750.89193442335,5518.17839210414
"71","E02000072","Bexley 008",26.8,2468.66053950376,2517.33395255038,4985.99449205414
"72","E02000073","Bexley 009",67,3225.79083213925,3193.12430031921,6418.91513245846
"73","E02000074","Bexley 010",67.8,2473.49548856532,2504.42492359318,4977.9204121585
"74","E02000075","Bexley 011",51.8,2961.53860536378,2960.80544405298,5922.34404941676
"75","E02000077","Bexley 013",70,3346.52671996747,3305.15215345915,6651.67887342662
"76","E02000078","Bexley 014",51.5,2732.80858029108,2777.79405992034,5510.60264021142
"77","E02000079","Bexley 015",47.7,3032.96177104558,3021.38971408536,6054.35148513095
"78","E02000080","Bexley 016",55.7,3413.01646134763,3350.25335433869,6763.26981568632
"79","E02000081","Bexley 017",34.1,2803.20940876354,2825.48984069331,5628.69924945685
"80","E02000082","Bexley 018",59.3,3364.21242163065,3298.72960088121,6662.94202251186
"81","E02000083","Bexley 019",26.1,2506.65244763322,2466.89489283002,4973.54734046324
"82","E02000084","Bexley 020",41,3102.7404589225,3065.7177942544,6168.4582531769
"83","E02000085","Bexley 021",48.6,3198.43524821843,3141.17391210042,6339.60916031885
"84","E02000086","Bexley 022",49.2,3134.82437129874,3130.68581087378,6265.51018217252
"85","E02000087","Bexley 023",20.4,2782.72630845331,2802.00582891358,5584.73213736689
"86","E02000088","Bexley 024",38.7,2942.16960021275,2971.98728780487,5914.15688801762
"87","E02000089","Bexley 025",56.9,3097.20883840519,3091.2504460439,6188.45928444909
"88","E02000090","Bexley 026",48.2,3107.57825541695,3097.04456287059,6204.62281828754
"89","E02000091","Bexley 027",35.4,2973.1974969779,2956.9332777109,5930.13077468881
"90","E02000092","Bexley 028",10.7,2729.46039894693,2731.98534968462,5461.44574863155
"91","E02000093","Brent 001",79,3342.51704242158,3362.65390428975,6705.17094671133
"92","E02000094","Brent 002",75.2,3562.35675514996,3616.9427559402,7179.29951109016
"93","E02000095","Brent 003",64.1,3387.27313351072,3405.25240897306,6792.52554248378
"94","E02000096","Brent 004",46.5,3348.12037437582,3374.76500332536,6722.88537770117
"95","E02000097","Brent 005",47.9,3507.51206035368,3525.25329321582,7032.7653535695
"96","E02000098","Brent 006",43.2,3356.29780715539,3343.15854223265,6699.45634938804
"97","E02000099","Brent 007",67.6,3290.69874424165,3330.16209251718,6620.86083675883
"98","E02000100","Brent 008",40.4,3281.93519382668,3278.51211885084,6560.44731267752
"99","E02000101","Brent 009",66.5,3420.52297144435,3380.38176651216,6800.90473795651
"100","E02000102","Brent 010",57.3,3659.02429868818,3687.14947265348,7346.17377134166
"101","E02000103","Brent 011",49.2,3933.12528242469,3842.92748058914,7776.05276301382
"102","E02000104","Brent 012",61.1,3352.76330360189,3328.9691338103,6681.73243741219
"103","E02000105","Brent 013",67.2,3410.92280730524,3448.68818589736,6859.6109932026
"104","E02000106","Brent 014",76.2,3681.19490508423,3668.36924353465,7349.56414861888
"105","E02000107","Brent 015",112,4048.51864111351,4005.3097934917,8053.8284346052
"106","E02000108","Brent 016",81,3447.52037947178,3461.63300730738,6909.15338677916
"107","E02000109","Brent 017",50.8,3102.44625329128,3063.88402236889,6166.33027566017
"108","E02000110","Brent 018",101.2,3782.58099064512,3788.01209917004,7570.59308981516
"109","E02000111","Brent 019",86.7,3556.57830601507,3567.17175776743,7123.7500637825
"110","E02000112","Brent 020",74.3,3390.3152628299,3350.31637834637,6740.63164117627
"111","E02000113","Brent 021",65.1,3477.34638149502,3432.20037326195,6909.54675475697
"112","E02000114","Brent 022",146.9,3993.49326424349,3973.1282162217,7966.62148046519
"113","E02000115","Brent 023",98.3,4025.32591890725,4099.69128418629,8125.01720309354
"114","E02000116","Brent 024",74.4,3800.9945031917,3870.19416958621,7671.18867277791
"115","E02000117","Brent 025",135,3608.61991241903,3610.68486834305,7219.30478076208
"116","E02000118","Brent 026",76.4,3465.90200946013,3461.40707136784,6927.30908082797
"117","E02000119","Brent 027",28.2,3595.07273783758,3479.23473962611,7074.30747746369
"118","E02000120","Brent 028",182.1,4402.74544085351,4382.44523239735,8785.19067325087
"119","E02000121","Brent 029",64,3450.54231525759,3395.60929655613,6846.15161181372
"120","E02000122","Brent 030",67.2,3915.3315746761,4057.18901222734,7972.52058690344
"121","E02000123","Brent 031",142.2,3855.9761522591,3765.55263076253,7621.52878302163
"122","E02000124","Brent 032",93.2,4130.3582469075,4196.09630309733,8326.45455000483
"123","E02000125","Brent 033",141.2,3843.73872784368,3928.06355674751,7771.80228459119
"124","E02000126","Brent 034",177.6,4380.47982004646,4396.97267154538,8777.45249159183
"125","E02000127","Bromley 001",38.1,3413.72221539077,3391.65524861685,6805.37746400762
"126","E02000128","Bromley 002",28.8,3027.40588301107,3024.75380979394,6052.15969280501
"127","E02000130","Bromley 004",53.3,3676.74533051564,3675.67337706096,7352.4187075766
"128","E02000131","Bromley 005",50.7,3761.88967525917,3676.35577611075,7438.24545136992
"129","E02000132","Bromley 006",49.3,3566.89270711068,3547.70967500931,7114.60238211999
"130","E02000133","Bromley 007",16.1,2705.49987181457,2689.50461839357,5395.00449020814
"131","E02000134","Bromley 008",55.7,3094.94345338577,3082.83427729313,6177.7777306789
"132","E02000135","Bromley 009",84.1,3580.05280851065,3599.82301108799,7179.87581959863
"133","E02000136","Bromley 010",12.6,2720.86288412419,2693.4437231264,5414.30660725059
"134","E02000137","Bromley 011",42,3279.65599436859,3313.44154422073,6593.09753858932
"135","E02000138","Bromley 012",38.1,3325.09886913993,3356.54941950176,6681.64828864169
"136","E02000139","Bromley 013",47.4,3514.66062237345,3439.17497653443,6953.83559890788
"137","E02000140","Bromley 014",42.6,2700.63796508579,2702.17137972772,5402.80934481352
"138","E02000141","Bromley 015",74.4,3683.78064319558,3670.38183253153,7354.16247572712
"139","E02000142","Bromley 016",46.6,2879.57614440301,2880.82210485642,5760.39824925943
"140","E02000144","Bromley 018",43.7,3242.21309999774,3201.02192947115,6443.2350294689
"141","E02000145","Bromley 019",7.2,2518.66204649928,2517.95037690621,5036.6124234055
"142","E02000146","Bromley 020",46.2,2954.82598478606,2950.84338517692,5905.66936996298
"143","E02000147","Bromley 021",35.4,3117.55856889635,3152.47831997717,6270.03688887352
"144","E02000148","Bromley 022",23.5,2945.30367383229,2773.30472752705,5718.60840135934
"145","E02000149","Bromley 023",41,2673.41048721341,2705.61131415923,5379.02180137264
"146","E02000150","Bromley 024",27.1,3286.42956883209,3288.20053970004,6574.63010853213
"147","E02000151","Bromley 025",36,2768.61599584388,2654.75359833977,5423.36959418365
"148","E02000152","Bromley 026",25.5,2859.274557372,2739.4943414474,5598.7688988194
"149","E02000153","Bromley 027",34.5,2760.46623190947,2719.1260822047,5479.59231411417
"150","E02000154","Bromley 028",38.1,2777.73688235118,2726.6350476971,5504.37193004828
"151","E02000155","Bromley 029",38,2631.01411170389,2632.58665911129,5263.60077081518
"152","E02000156","Bromley 030",31.5,3098.31858632729,3100.9072374149,6199.22582374219
"153","E02000157","Bromley 031",32.5,2690.85561244579,2655.01777139104,5345.87338383683
"154","E02000158","Bromley 032",34.1,2608.986240464,2581.8569706439,5190.8432111079
"155","E02000159","Bromley 033",11.6,2789.21906931553,2696.03916421382,5485.25823352935
"156","E02000160","Bromley 034",9.3,2814.49418311493,2778.35067670061,5592.84485981554
"157","E02000161","Bromley 035",48.9,2677.7736906585,2639.08294376318,5316.85663442169
"158","E02000162","Bromley 036",5.2,2526.17916728253,2491.72710551165,5017.90627279417
"159","E02000163","Bromley 037",6.8,2493.96879075867,2444.47494879396,4938.44373955263
"160","E02000165","Bromley 039",12.4,2263.40755824911,2239.58386044228,4502.99141869139
"161","E02000166","Camden 001",26.2,4110.32648302166,3999.25487381742,8109.58135683908
"162","E02000167","Camden 002",38.2,4190.01511465528,4115.90476631262,8305.9198809679
"163","E02000168","Camden 003",120.1,4589.98749753833,4561.51654363784,9151.50404117617
"164","E02000169","Camden 004",68,4027.93544978952,4094.94026721868,8122.8757170082
"165","E02000170","Camden 005",108.1,3919.80174750386,3977.83798936257,7897.63973686643
"166","E02000171","Camden 006",149.9,4289.26139848852,4223.26028275108,8512.52168123959
"167","E02000172","Camden 007",151.7,4475.42902139674,4532.95160861106,9008.3806300078
"168","E02000173","Camden 008",98.6,4363.49990927203,4352.06268090467,8715.5625901767
"169","E02000174","Camden 009",159.7,4769.56678099982,4800.46976952097,9570.0365505208
"170","E02000175","Camden 010",127.9,4222.21556471263,4255.26830998703,8477.48387469966
"171","E02000176","Camden 011",160.2,4386.67476952891,4366.65354916118,8753.32831869009
"172","E02000177","Camden 012",170.9,4659.43385326428,4659.54176384396,9318.97561710824
"173","E02000178","Camden 013",157.7,4325.48849830594,4386.98893581995,8712.47743412589
"174","E02000179","Camden 014",165.5,4452.77819094961,4475.2219419768,8928.00013292641
"175","E02000180","Camden 015",169,4937.46916938173,4954.09290221798,9891.56207159971
"176","E02000181","Camden 016",142.5,4407.28553350641,4446.85417693482,8854.13971044123
"177","E02000182","Camden 017",83.9,4498.23812335423,4502.43016514099,9000.66828849522
"178","E02000183","Camden 018",102.5,4730.27347963335,4747.17063667902,9477.44411631237
"179","E02000184","Camden 019",133.6,4851.02818125529,4882.1647610887,9733.19294234399
"180","E02000185","Camden 020",175.6,4496.56178787359,4515.53382572533,9012.09561359892
"181","E02000186","Camden 021",66.7,4654.23599198597,4692.28996226681,9346.52595425278
"182","E02000187","Camden 022",84.2,4789.71920165633,4842.2968976361,9632.01609929243
"183","E02000188","Camden 023",163.9,4778.58586345225,4781.67480683671,9560.26067028896
"184","E02000189","Camden 024",199.7,4857.03870489458,4805.04006307928,9662.07876797386
"185","E02000190","Camden 025",203.2,4752.71342201668,4754.26862469807,9506.98204671475
"186","E02000191","Camden 026",116.8,4629.64883885577,4637.02114941293,9266.66998826871
"187","E02000192","Camden 027",165.5,4682.6061172497,4668.65225707584,9351.25837432554
"188","E02000193","Camden 028",70.1,4659.73865369143,4634.20169967468,9293.94035336611
"189","E02000194","Croydon 001",62.5,3754.2228470893,3709.12784193432,7463.35068902362
"190","E02000195","Croydon 002",47.3,3858.71635118161,3838.69709144527,7697.41344262688
"191","E02000196","Croydon 003",60.4,3655.61042233477,3663.36655251503,7318.9769748498
"192","E02000197","Croydon 004",91.6,3744.31401043637,3709.00486232809,7453.31887276446
"193","E02000198","Croydon 005",90.5,3495.87350274197,3476.19198152399,6972.06548426596
"194","E02000199","Croydon 006",97.7,3596.9338997384,3575.83378237611,7172.76768211451
"195","E02000200","Croydon 007",66.5,3814.95787347476,3758.10189237949,7573.05976585425
"196","E02000201","Croydon 008",96.4,3818.97545713773,3747.71935638616,7566.69481352389
"197","E02000202","Croydon 009",116.3,3656.7578859348,3680.82500203631,7337.58288797112
"198","E02000203","Croydon 010",97.5,3659.6015357076,3654.57202075582,7314.17355646342
"199","E02000204","Croydon 011",86.6,3740.86528400728,3686.3557067081,7427.22099071538
"200","E02000206","Croydon 013",65.3,3667.73347628436,3599.67048879275,7267.40396507711
"201","E02000207","Croydon 014",72.5,3705.47005492874,3653.06062050806,7358.5306754368
"202","E02000208","Croydon 015",111.8,3639.87839847406,3677.27819587768,7317.15659435174
"203","E02000209","Croydon 016",83.9,3534.94931153652,3546.09091173436,7081.04022327088
"204","E02000210","Croydon 017",107.2,3449.01947232123,3449.97079053919,6898.99026286042
"205","E02000211","Croydon 018",47.7,3341.86573285703,3343.06755504947,6684.9332879065
"206","E02000212","Croydon 019",68.7,3577.01329684235,3474.24065865157,7051.25395549391
"207","E02000213","Croydon 020",92.6,3644.25160756968,3577.3010356625,7221.55264323218
"208","E02000214","Croydon 021",60.5,3563.40148643965,3557.49246317975,7120.8939496194
"209","E02000215","Croydon 022",106.6,3554.28366764336,3556.08138814209,7110.36505578545
"210","E02000216","Croydon 023",30.8,3386.54799150931,3388.53818142318,6775.08617293249
"211","E02000217","Croydon 024",67.7,3460.18261395432,3456.31596592935,6916.49857988367
"212","E02000218","Croydon 025",58.3,3161.50495816898,3157.56176911759,6319.06672728657
"213","E02000219","Croydon 026",13.5,2972.74161836363,2969.52064804839,5942.26226641202
"214","E02000220","Croydon 027",66.1,3605.24518575116,3554.79772588733,7160.04291163849
"215","E02000221","Croydon 028",35,3267.77991841443,3217.8536078927,6485.63352630713
"216","E02000222","Croydon 029",42.4,3061.05856960969,3047.57444488323,6108.63301449292
"217","E02000223","Croydon 030",87.1,2752.86300876356,2746.83635894559,5499.69936770916
"218","E02000224","Croydon 031",60,2828.56551503443,2867.68284139299,5696.24835642742
"219","E02000225","Croydon 032",46.2,2623.64565664633,2625.98241941377,5249.6280760601
"220","E02000226","Croydon 033",23,2727.60366245446,2724.60171058574,5452.20537304019
"221","E02000227","Croydon 034",24.8,2726.62808672686,2696.72817073403,5423.35625746089
"222","E02000228","Croydon 035",24.3,2709.71834461574,2719.73938040045,5429.45772501619
"223","E02000229","Croydon 036",48.3,2486.1349468234,2473.75958353241,4959.8945303558
"224","E02000230","Croydon 037",38.4,2865.58478583082,2787.20292227972,5652.78770811054
"225","E02000231","Croydon 038",22.9,2479.3607959259,2559.11976029425,5038.48055622014
"226","E02000232","Croydon 039",14.2,2528.73216526183,2518.32436186908,5047.0565271309
"227","E02000233","Croydon 040",38.7,2565.19938738465,2528.37847468227,5093.57786206691
"228","E02000234","Croydon 041",25.8,2498.16752406854,2517.34714422607,5015.51466829461
"229","E02000235","Croydon 042",12.9,2304.07704307327,2374.69811696568,4678.77516003895
"230","E02000236","Croydon 043",21.4,2251.09018989926,2282.3050930977,4533.39528299695
"231","E02000237","Croydon 044",15.1,2245.90941425182,2246.28322561166,4492.19263986348
"232","E02000238","Ealing 001",62.4,3020.85753600122,3167.34099632672,6188.19853232794
"233","E02000239","Ealing 002",38.2,3324.40922542384,3337.69235396166,6662.1015793855
"234","E02000240","Ealing 003",59.4,3016.49344107626,3136.13474470818,6152.62818578444
"235","E02000241","Ealing 004",50.9,3229.30244364228,3134.39040751841,6363.69285116069
"236","E02000242","Ealing 005",76.1,3280.66612929277,3294.41503666873,6575.0811659615
"237","E02000243","Ealing 006",29.9,3205.51090889732,3254.35895755591,6459.86986645323
"238","E02000244","Ealing 007",39.9,3272.5331634846,3318.66734817236,6591.20051165696
"239","E02000245","Ealing 008",49.3,3016.42846224231,3050.76215101021,6067.19061325252
"240","E02000246","Ealing 009",42.5,2979.09474953871,3041.42296498526,6020.51771452396
"241","E02000247","Ealing 010",73.7,3067.04474747558,3093.60585518663,6160.65060266221
"242","E02000248","Ealing 011",42.5,3464.14576795632,3441.77745431662,6905.92322227294
"243","E02000249","Ealing 012",60.4,3299.19331086305,3262.81271772774,6562.00602859079
"244","E02000250","Ealing 013",65,3170.35133683627,3179.9500084128,6350.30134524907
"245","E02000251","Ealing 014",84,3109.70278210676,3152.10114460112,6261.80392670788
"246","E02000252","Ealing 015",30.4,3724.0154855935,3696.95645938983,7420.97194498333
"247","E02000253","Ealing 016",83.3,3063.39179754119,3119.80494370189,6183.19674124308
"248","E02000254","Ealing 017",86,2920.41190185023,2958.43561550333,5878.84751735356
"249","E02000255","Ealing 018",61.1,3272.95811590083,3280.29873732897,6553.2568532298
"250","E02000256","Ealing 019",80.8,3380.67126835213,3388.29432209309,6768.96559044522
"251","E02000257","Ealing 020",61.9,3486.08754916014,3484.26710873519,6970.35465789533
"252","E02000258","Ealing 021",65.2,3498.17138843396,3533.84400698636,7032.01539542032
"253","E02000259","Ealing 022",49.1,3027.41522879913,3091.68389536118,6119.0991241603
"254","E02000260","Ealing 023",80.2,3137.09009178453,3159.84632852306,6296.93642030759
"255","E02000261","Ealing 024",82.5,4094.72943721991,4022.98361288016,8117.71305010008
"256","E02000262","Ealing 025",126.2,3818.17333280669,3861.47356038003,7679.64689318672
"257","E02000263","Ealing 026",94.2,3042.21291855433,3115.40499740679,6157.61791596112
"258","E02000264","Ealing 027",56.4,3547.59014366399,3559.34972899078,7106.93987265478
"259","E02000265","Ealing 028",109.7,3390.94862310631,3438.23967534474,6829.18829845104
"260","E02000266","Ealing 029",31.9,2951.29532655231,2981.88736673955,5933.18269329185
"261","E02000267","Ealing 030",91.9,3369.6705079305,3369.56680914581,6739.23731707631
"262","E02000268","Ealing 031",70.6,3315.70518143832,3280.32671666804,6596.03189810636
"263","E02000269","Ealing 032",91.3,3252.20424557449,3217.04299900983,6469.24724458433
"264","E02000270","Ealing 033",101,3812.23687811089,3559.03302405622,7371.26990216712
"265","E02000271","Ealing 034",90.5,3899.92741274863,3973.67828580922,7873.60569855785
"266","E02000272","Ealing 035",56.3,3197.03732885039,3256.04490161137,6453.08223046176
"267","E02000274","Ealing 037",88.7,2835.2946618593,2892.60747353115,5727.90213539045
"268","E02000275","Ealing 038",60.6,2928.20185289285,3009.17276483823,5937.37461773108
"269","E02000276","Ealing 039",79.9,3267.6390227924,3243.10951898817,6510.74854178057
"270","E02000277","Enfield 001",67.6,2771.33596468709,2729.07719152476,5500.41315621185
"271","E02000278","Enfield 002",67.2,2715.93737751517,2676.63083077827,5392.56820829344
"272","E02000279","Enfield 003",43.3,2640.58841085478,2673.69255892915,5314.28096978393
"273","E02000280","Enfield 004",5.5,2391.95756572195,2382.95293065745,4774.9104963794
"274","E02000281","Enfield 005",46.6,2811.20715455085,2765.36338935485,5576.5705439057
"275","E02000282","Enfield 006",72.2,2839.38653641381,2797.39222669262,5636.77876310643
"276","E02000283","Enfield 007",73.9,2993.19266207129,2878.63896124172,5871.83162331301
"277","E02000284","Enfield 008",63.9,2959.63055045602,2930.83132874627,5890.46187920229
"278","E02000285","Enfield 009",67,2935.4771600673,2787.30001006205,5722.77717012935
"279","E02000286","Enfield 010",39.8,2927.83864624749,2819.25602892611,5747.0946751736
"280","E02000287","Enfield 011",7.7,2672.21123934084,2807.10394910945,5479.3151884503
"281","E02000288","Enfield 012",49.6,3199.82307504829,3180.87643778609,6380.69951283438
"282","E02000289","Enfield 013",19.3,2965.0189445255,2949.05501329547,5914.07395782097
"283","E02000290","Enfield 014",14.8,3273.51675997408,3227.69997877392,6501.216738748
"284","E02000291","Enfield 015",77.1,3224.02072679974,3226.54388883054,6450.56461563028
"285","E02000292","Enfield 016",50.7,3160.65994116809,3161.26639126015,6321.92633242824
"286","E02000293","Enfield 017",29.2,3155.11780846618,3150.32757414189,6305.44538260808
"287","E02000294","Enfield 018",59.2,3284.24320063484,3295.19891712923,6579.44211776407
"288","E02000295","Enfield 019",51.7,3273.54205417326,3275.73940045024,6549.2814546235
"289","E02000296","Enfield 020",52.9,3187.36551339941,3180.28336053319,6367.6488739326
"290","E02000297","Enfield 021",57.4,3318.86424445563,3285.9232183928,6604.78746284843
"291","E02000298","Enfield 022",39.9,3367.14587419848,3410.20035902793,6777.34623322641
"292","E02000299","Enfield 023",106.2,3465.04647667942,3460.2688022583,6925.31527893773
"293","E02000300","Enfield 024",105,3512.38665032622,3494.39720956797,7006.78385989418
"294","E02000301","Enfield 025",55.2,3363.93732688106,3356.69949441133,6720.63682129239
"295","E02000302","Enfield 026",52.7,3630.907014609,3625.71133073899,7256.61834534799
"296","E02000303","Enfield 027",67.5,3638.5284521442,3591.3724268182,7229.90087896239
"297","E02000304","Enfield 028",47,3521.42137210587,3523.49922338302,7044.92059548889
"298","E02000305","Enfield 029",89.8,3804.77633206003,3783.34843037338,7588.12476243341
"299","E02000306","Enfield 030",43.8,3556.46798393102,3583.48664569356,7139.95462962458
"300","E02000307","Enfield 031",89.3,3871.09503904195,3818.3169047728,7689.41194381475
"301","E02000308","Enfield 032",67.4,3682.03461942794,3720.88039185589,7402.91501128383
"302","E02000309","Enfield 033",64.4,3748.62072635802,3762.11260003962,7510.73332639764
"303","E02000311","Enfield 035",69.7,3965.36034388056,3913.44135890618,7878.80170278675
"304","E02000312","Enfield 036",79.9,3763.78869350953,3776.84426848263,7540.63296199216
"305","E02000313","Greenwich 001",89.9,3015.0947016689,3033.84563942212,6048.94034109102
"306","E02000314","Greenwich 002",41.3,3175.21890475717,3059.16060576883,6234.379510526
"307","E02000315","Greenwich 003",76.1,3042.53091448632,3051.05175731748,6093.5826718038
"308","E02000316","Greenwich 004",57,3772.22343034599,3734.76933993819,7506.99277028418
"309","E02000317","Greenwich 005",128.2,3629.63877282622,3684.23191931404,7313.87069214027
"310","E02000318","Greenwich 006",89.1,3493.26925260039,3458.56242421272,6951.83167681311
"311","E02000319","Greenwich 007",118.5,3677.8872816612,3634.85962580881,7312.74690747001
"312","E02000320","Greenwich 008",45.4,3114.16388099908,3142.70148484087,6256.86536583996
"313","E02000321","Greenwich 009",115.7,3633.71677971836,3708.55096962787,7342.26774934624
"314","E02000323","Greenwich 011",140.2,3843.63811149387,3833.46025320648,7677.09836470035
"315","E02000324","Greenwich 012",56.1,3701.48988791409,3646.07382188692,7347.56370980101
"316","E02000326","Greenwich 014",96.8,3897.46327427793,3851.69775036065,7749.16102463857
"317","E02000327","Greenwich 015",36.7,3740.10257757967,3801.36257145758,7541.46514903724
"318","E02000328","Greenwich 016",75.4,4083.67411110662,4004.7989809571,8088.47309206372
"319","E02000329","Greenwich 017",35.1,3386.65328338484,3328.52234702339,6715.17563040824
"320","E02000331","Greenwich 019",78.9,3752.69330737429,3779.09035693053,7531.78366430482
"321","E02000332","Greenwich 020",35.9,3636.43368751522,3607.91954410916,7244.35323162437
"322","E02000333","Greenwich 021",49.7,3838.01531197997,3767.80958598185,7605.82489796182
"323","E02000334","Greenwich 022",46.7,3655.44096995794,3626.05571655832,7281.49668651626
"324","E02000335","Greenwich 023",50.6,3596.08114471675,3579.72570582182,7175.80685053858
"325","E02000337","Greenwich 025",56.5,3746.11262631267,3746.74339241502,7492.85601872769
"326","E02000339","Greenwich 027",47.5,3758.46205515739,3756.4032550121,7514.86531016949
"327","E02000340","Greenwich 028",18.6,3430.03632484329,3408.26820804586,6838.30453288916
"328","E02000341","Greenwich 029",42.9,3748.55592995612,3704.44746988422,7453.00339984034
"329","E02000342","Greenwich 030",47.4,3111.78860172427,3163.67540833338,6275.46401005766
"330","E02000343","Greenwich 031",53.1,3389.61640799825,3379.49271724786,6769.10912524611
"331","E02000344","Greenwich 032",49.4,3147.0257752333,3163.15437820241,6310.18015343571
"332","E02000345","Hackney 001",144.4,4858.8257494955,4795.64283732364,9654.46858681914
"333","E02000346","Hackney 002",104.6,4718.01549021481,4661.65499670734,9379.67048692215
"334","E02000347","Hackney 003",116,4734.90234527812,4652.45360405009,9387.35594932821
"335","E02000348","Hackney 004",145.4,4659.84957228314,4606.29131614482,9266.14088842796
"336","E02000350","Hackney 006",167.7,4792.24264110587,4723.76600902602,9516.00865013189
"337","E02000351","Hackney 007",163.1,4828.26731382872,4761.20473095588,9589.4720447846
"338","E02000352","Hackney 008",90.2,4589.8446670499,4498.01937362427,9087.86404067417
"339","E02000353","Hackney 009",139.4,4827.52703709984,4768.23692303293,9595.76396013277
"340","E02000354","Hackney 010",119.8,4541.22522778717,4541.73367282603,9082.9589006132
"341","E02000355","Hackney 011",129.3,4473.60430045282,4478.42644530173,8952.03074575455
"342","E02000356","Hackney 012",182.3,4779.39055935253,4674.07674936634,9453.46730871886
"343","E02000357","Hackney 013",41.6,4206.22073676049,4204.34118675245,8410.56192351293
"344","E02000358","Hackney 014",179.4,4666.87011377479,4614.79667649137,9281.66679026616
"345","E02000359","Hackney 015",150.7,4441.25189797414,4428.34410811329,8869.59600608743
"346","E02000360","Hackney 016",206.7,4678.85143055544,4612.14623248821,9290.99766304365
"347","E02000361","Hackney 017",128.6,4600.84854721271,4552.67398509547,9153.52253230819
"348","E02000362","Hackney 018",49.1,4259.34025005927,4295.98595751293,8555.3262075722
"349","E02000363","Hackney 019",181.8,4441.78697710331,4430.5932880609,8872.38026516421
"350","E02000364","Hackney 020",133.5,4699.34130325442,4660.97598812316,9360.31729137758
"351","E02000365","Hackney 021",132.3,4879.00809923548,4702.86278197008,9581.87088120556
"352","E02000366","Hackney 022",132.3,4233.84179497358,4223.95723023566,8457.79902520925
"353","E02000367","Hackney 023",131.8,4597.40459397174,4552.67260381737,9150.07719778912
"354","E02000368","Hackney 024",151.5,4673.13671271556,4651.95138811434,9325.0881008299
"355","E02000369","Hackney 025",178.3,4679.27519919396,4677.27774331156,9356.55294250553
"356","E02000370","Hackney 026",170.1,4809.13968963347,4812.99499654424,9622.13468617771
"357","E02000371","Hackney 027",124,4913.66058140156,4877.3008791845,9790.96146058606
"358","E02000372","Hammersmith and Fulham 001",26.7,4197.22733717487,4243.38265705123,8440.6099942261
"359","E02000373","Hammersmith and Fulham 002",163.3,4163.58589088026,4306.75578741225,8470.34167829251
"360","E02000374","Hammersmith and Fulham 003",135.5,4232.31937651448,4250.5401668742,8482.85954338868
"361","E02000375","Hammersmith and Fulham 004",93.9,4618.17053591272,4700.14207136733,9318.31260728005
"362","E02000376","Hammersmith and Fulham 005",168.7,4600.01962072591,4700.0363748388,9300.05599556471
"363","E02000377","Hammersmith and Fulham 006",184.2,4370.59191643309,4414.9704354222,8785.56235185529
"364","E02000378","Hammersmith and Fulham 007",222.1,4781.20616587415,4753.24639465386,9534.45256052801
"365","E02000379","Hammersmith and Fulham 008",111.7,4283.61886154261,4339.5336156695,8623.15247721212
"366","E02000380","Hammersmith and Fulham 009",166.4,4603.11715314791,4543.01953977717,9146.13669292508
"367","E02000381","Hammersmith and Fulham 010",140.5,4451.7846261527,4563.64714771809,9015.43177387079
"368","E02000382","Hammersmith and Fulham 011",100,4195.59397068109,4269.97315232838,8465.56712300947
"369","E02000383","Hammersmith and Fulham 012",157.1,4463.28744705957,4489.30329235464,8952.59073941421
"370","E02000384","Hammersmith and Fulham 013",93.6,4403.73121326612,4289.1412329624,8692.87244622852
"371","E02000385","Hammersmith and Fulham 014",154.1,4424.26333509244,4457.57372264289,8881.83705773533
"372","E02000386","Hammersmith and Fulham 015",186,4538.53757490611,4578.82218853865,9117.35976344477
"373","E02000387","Hammersmith and Fulham 016",153.8,4608.95864524284,4621.17484861241,9230.13349385525
"374","E02000388","Hammersmith and Fulham 017",154.3,4499.60555795627,4427.59793450812,8927.20349246439
"375","E02000389","Hammersmith and Fulham 018",131.4,4491.02753683256,4497.57435060131,8988.60188743387
"376","E02000390","Hammersmith and Fulham 019",185.4,4459.96312431216,4542.06670027463,9002.02982458679
"377","E02000391","Hammersmith and Fulham 020",116.2,4613.47767518043,4646.28095175091,9259.75862693134
"378","E02000392","Hammersmith and Fulham 021",173.1,4486.21412096485,4486.40720650701,8972.62132747186
"379","E02000393","Hammersmith and Fulham 022",169.4,4366.05080538239,4424.59911656583,8790.64992194822
"380","E02000394","Hammersmith and Fulham 023",117.8,4451.26068743451,4550.95976726233,9002.22045469684
"381","E02000395","Hammersmith and Fulham 024",61.4,4260.249867714,4260.6383898501,8520.8882575641
"382","E02000396","Hammersmith and Fulham 025",106.1,4380.84759812051,4370.45102830254,8751.29862642305
"383","E02000397","Haringey 001",138.6,3773.61550983891,3816.27200581316,7589.88751565206
"384","E02000398","Haringey 002",59.8,3719.63529314811,3767.3070645569,7486.94235770501
"385","E02000400","Haringey 004",57.5,3950.41812561528,3964.3285184408,7914.74664405607
"386","E02000401","Haringey 005",90.2,4280.83567907172,4225.92019078687,8506.75586985859
"387","E02000402","Haringey 006",70.5,4037.16061105363,4070.36238717031,8107.52299822394
"388","E02000403","Haringey 007",84.6,4141.00251495547,4162.6235654563,8303.62608041177
"389","E02000404","Haringey 008",114.1,4314.25123455809,4342.50482779013,8656.75606234822
"390","E02000405","Haringey 009",36.7,3818.14891416504,3813.70763081042,7631.85654497547
"391","E02000406","Haringey 010",153.4,4354.21679957947,4433.2251422475,8787.44194182697
"392","E02000407","Haringey 011",140.1,4424.40288864836,4361.61637231378,8786.01926096214
"393","E02000408","Haringey 012",147,4426.98830111459,4368.82935613355,8795.81765724814
"394","E02000409","Haringey 013",94,4267.664526792,4152.42908884466,8420.09361563666
"395","E02000410","Haringey 014",89,3974.8699129065,3960.22218179342,7935.09209469991
"396","E02000411","Haringey 015",53.5,4324.84919435853,4192.06009530886,8516.90928966739
"397","E02000412","Haringey 016",89.6,4182.93932968951,4099.55278133134,8282.49211102085
"398","E02000413","Haringey 017",61.5,3838.7012894702,3858.65219016973,7697.35347963993
"399","E02000414","Haringey 018",175.2,4415.62177202214,4303.03927235447,8718.66104437661
"400","E02000415","Haringey 019",97.2,4436.29971630633,4364.86687144641,8801.16658775275
"401","E02000416","Haringey 020",119.1,4187.39391927314,4345.91352488215,8533.3074441553
"402","E02000417","Haringey 021",63,3987.8487295696,3967.91501236119,7955.76374193079
"403","E02000418","Haringey 022",77.2,3936.37149284966,4000.141990779,7936.51348362866
"404","E02000419","Haringey 023",126.3,4493.97162643087,4444.10988420264,8938.08151063351
"405","E02000420","Haringey 024",128.8,4565.16651866884,4505.1834088527,9070.34992752155
"406","E02000421","Haringey 025",91.2,4662.98918018491,4574.75077946591,9237.73995965082
"407","E02000422","Haringey 026",144.2,4513.83923459523,4459.76133747737,8973.6005720726
"408","E02000423","Haringey 027",122.8,4244.06625490205,4224.97792497714,8469.04417987919
"409","E02000424","Haringey 028",108.1,4409.08184518931,4409.0309308467,8818.11277603601
"410","E02000425","Haringey 029",134.1,4647.57349538918,4590.91331178179,9238.48680717098
"411","E02000426","Haringey 030",30.2,4023.5860745429,4002.94820525736,8026.53427980026
"412","E02000427","Haringey 031",63.8,4608.46989403486,4565.03203119949,9173.50192523435
"413","E02000428","Haringey 032",117.7,4607.72702430035,4606.1858456742,9213.91286997455
"414","E02000429","Haringey 033",69.9,4121.58281382785,4086.84056296603,8208.42337679388
"415","E02000430","Haringey 034",112.6,4437.27634022265,4496.41016759288,8933.68650781554
"416","E02000431","Haringey 035",109.6,4214.43701643546,4249.26187858952,8463.69889502497
"417","E02000432","Haringey 036",120.4,4444.90700762361,4507.54049705593,8952.44750467954
"418","E02000433","Harrow 001",12.2,2947.8836163162,2969.60343697394,5917.48705329014
"419","E02000434","Harrow 002",43.8,3126.44333786839,3162.01349444048,6288.45683230887
"420","E02000435","Harrow 003",41.1,2955.02747378911,2999.74185938532,5954.76933317443
"421","E02000436","Harrow 004",12.2,2848.53589511534,2883.66967177943,5732.20556689477
"422","E02000437","Harrow 005",60,3049.31369370814,3103.77230954528,6153.08600325341
"423","E02000438","Harrow 006",45.2,2785.51155753598,2830.38060846645,5615.89216600243
"424","E02000439","Harrow 007",77.2,3324.44855998068,3348.74259357271,6673.19115355339
"425","E02000440","Harrow 008",64,3049.28951752436,3041.89674837621,6091.18626590056
"426","E02000441","Harrow 009",28.7,2665.18407969756,2737.06713754662,5402.25121724418
"427","E02000442","Harrow 010",76.4,3219.09244249988,3262.42534463126,6481.51778713114
"428","E02000443","Harrow 011",96.8,3114.71890208215,3181.22357966398,6295.94248174613
"429","E02000444","Harrow 012",77.7,3275.63249080754,3344.07679652236,6619.7092873299
"430","E02000445","Harrow 013",81.9,3291.59706387306,3259.71574796396,6551.31281183702
"431","E02000447","Harrow 015",33.2,2897.12143155616,2919.93390906319,5817.05534061935
"432","E02000448","Harrow 016",38.6,2770.33080390234,2844.90274505916,5615.23354896151
"433","E02000449","Harrow 017",88.6,3304.74071594737,3321.89990359076,6626.64061953812
"434","E02000451","Harrow 019",41,3112.79290594309,3115.66253591468,6228.45544185777
"435","E02000452","Harrow 020",73.1,3256.34512812893,3282.11248520608,6538.45761333501
"436","E02000453","Harrow 021",73.7,3237.77631800387,3256.66080305118,6494.43712105505
"437","E02000454","Harrow 022",45.2,2837.29035704384,2919.78620313533,5757.07656017917
"438","E02000455","Harrow 023",66.1,3158.73743596349,3046.34941571456,6205.08685167805
"439","E02000456","Harrow 024",76.3,3140.27619549442,3149.69270269314,6289.96889818756
"440","E02000457","Harrow 025",54.4,3149.15026167716,3148.06597520386,6297.21623688102
"441","E02000459","Harrow 027",68.6,3001.75267549804,3007.95266053649,6009.70533603453
"442","E02000460","Harrow 028",75.3,2977.13595758334,3062.49193360129,6039.62789118462
"443","E02000461","Harrow 029",26.1,3091.98511154206,3111.22327471554,6203.2083862576
"444","E02000462","Harrow 030",66.4,2993.98373871382,3007.70617554162,6001.68991425544
"445","E02000463","Harrow 031",90.7,2981.07859189917,3086.59549626704,6067.67408816621
"446","E02000464","Havering 001",11,2203.34695008171,2141.64920268969,4344.9961527714
"447","E02000465","Havering 002",28.3,2346.39497908102,2235.92843960342,4582.32341868444
"448","E02000466","Havering 003",13.2,2288.98130190683,2289.50584395472,4578.48714586156
"449","E02000467","Havering 004",71,2435.32997705275,2329.36428083095,4764.6942578837
"450","E02000468","Havering 005",19,2499.28680951825,2486.49395449507,4985.78076401332
"451","E02000469","Havering 006",37.6,2562.14045268809,2468.23767253365,5030.37812522174
"452","E02000470","Havering 007",11.7,2388.375067501,2268.87930870174,4657.25437620274
"453","E02000471","Havering 008",34.8,2579.68113688026,2527.02141218246,5106.70254906272
"454","E02000472","Havering 009",58.5,2617.52416168599,2616.0383406262,5233.5625023122
"455","E02000473","Havering 010",33.6,2531.25150156084,2441.67508928499,4972.92659084583
"456","E02000474","Havering 011",37.8,2714.37692244954,2711.76602998374,5426.14295243328
"457","E02000475","Havering 012",32.8,2746.55014335887,2582.50920188789,5329.05934524676
"458","E02000476","Havering 013",53.7,2870.71590703037,2874.92665259081,5745.64255962118
"459","E02000477","Havering 014",53.5,2714.12996793476,2626.04133501609,5340.17130295085
"460","E02000478","Havering 015",23.6,2271.54337165804,2272.72994250397,4544.273314162
"461","E02000479","Havering 016",59.2,2918.25378325109,2876.87689418071,5795.1306774318
"462","E02000480","Havering 017",29,2938.76408914649,2875.71059282253,5814.47468196902
"463","E02000481","Havering 018",6.4,2067.20766357052,2051.51457219341,4118.72223576393
"464","E02000482","Havering 019",22.6,2355.08338786112,2321.61049174895,4676.69387961007
"465","E02000483","Havering 020",47.5,2570.91468387489,2564.92934567773,5135.84402955262
"466","E02000484","Havering 021",44.3,2768.53497381317,2732.74414039378,5501.27911420696
"467","E02000485","Havering 022",38.1,2385.28900735405,2368.35673438669,4753.64574174074
"468","E02000486","Havering 023",57.8,2574.08979340565,2530.06078066343,5104.15057406909
"469","E02000487","Havering 024",6.1,2126.47970060165,2112.05438128253,4238.53408188419
"470","E02000488","Havering 025",40.6,2424.34770962535,2429.01533397388,4853.36304359923
"471","E02000489","Havering 026",30.3,2623.42699346645,2621.79112524764,5245.21811871409
"472","E02000490","Havering 027",38.2,2604.73174002484,2616.32757465176,5221.05931467661
"473","E02000491","Havering 028",18.4,2649.77660702563,2720.68016349481,5370.45677052045
"474","E02000492","Havering 029",4.5,2231.71965184463,2276.07085930686,4507.79051115149
"475","E02000493","Havering 030",48.2,2583.66092777088,2561.93293376197,5145.59386153284
"476","E02000494","Hillingdon 001",12,2322.50784973318,2389.23584895948,4711.74369869267
"477","E02000495","Hillingdon 002",34.7,2442.17568380082,2478.44317607686,4920.61885987768
"478","E02000496","Hillingdon 003",4.9,2101.52693282129,2167.86148305452,4269.3884158758
"479","E02000497","Hillingdon 004",31.6,2622.68211513681,2685.03334547374,5307.71546061055
"480","E02000498","Hillingdon 005",19.2,2502.23806888588,2616.42551700189,5118.66358588777
"481","E02000499","Hillingdon 006",48.3,2694.27120825666,2777.0396475065,5471.31085576316
"482","E02000500","Hillingdon 007",26.6,2652.61307803187,2693.06226212502,5345.67534015689
"483","E02000501","Hillingdon 008",57.4,2587.21329640423,2647.80841205693,5235.02170846115
"484","E02000502","Hillingdon 009",18.3,2598.11087043384,2708.29416603635,5306.40503647018
"485","E02000503","Hillingdon 010",65.1,2690.76424818598,2788.80129980892,5479.5655479949
"486","E02000504","Hillingdon 011",24.1,2479.6300765979,2577.67128314566,5057.30135974357
"487","E02000506","Hillingdon 013",13.7,2634.77982167572,2650.33225959574,5285.11208127146
"488","E02000507","Hillingdon 014",29.5,2698.19391406616,2758.62807163897,5456.82198570513
"489","E02000508","Hillingdon 015",33.4,2524.89717913005,2535.86713614824,5060.76431527829
"490","E02000509","Hillingdon 016",48.8,2445.60140778778,2509.73662939563,4955.3380371834
"491","E02000510","Hillingdon 017",40.5,2722.40136247974,2800.45798235757,5522.85934483731
"492","E02000511","Hillingdon 018",39.5,2858.099159698,2934.05322618692,5792.15238588492
"493","E02000512","Hillingdon 019",56.8,2845.97006640799,2945.99319096352,5791.96325737152
"494","E02000513","Hillingdon 020",61,2912.42263519588,3013.29567050885,5925.71830570472
"495","E02000514","Hillingdon 021",81.9,2935.66487111723,3033.42597397248,5969.09084508971
"496","E02000515","Hillingdon 022",33.1,2403.7525823979,2476.74450710828,4880.49708950618
"497","E02000516","Hillingdon 023",50,2990.25974593583,3094.36522651591,6084.62497245174
"498","E02000517","Hillingdon 024",55.8,2770.58317649407,2896.98302132231,5667.56619781639
"499","E02000518","Hillingdon 025",34.1,2627.26356468755,2729.05886477601,5356.32242946355
"500","E02000519","Hillingdon 026",47.7,2879.1331144588,2905.79994898126,5784.93306344006
"501","E02000520","Hillingdon 027",25.8,2633.25006450772,2702.06902399699,5335.31908850471
"502","E02000521","Hillingdon 028",40.4,2524.34943888194,2566.93983949527,5091.28927837721
"503","E02000522","Hillingdon 029",55.1,2428.79661908152,2513.48321103876,4942.27983012028
"504","E02000523","Hillingdon 030",58.5,2790.42203383383,2853.04931720775,5643.47135104159
"505","E02000524","Hillingdon 031",3.2,2345.96537312974,2374.27733650633,4720.24270963608
"506","E02000525","Hillingdon 032",21.7,2727.63453222802,2754.91978435792,5482.55431658593
"507","E02000526","Hounslow 001",90.7,4099.18904056849,4134.71633785554,8233.90537842403
"508","E02000528","Hounslow 003",45.7,3353.24160422507,3350.72873443674,6703.97033866181
"509","E02000529","Hounslow 004",71.5,2881.88545807778,2947.01238803369,5828.89784611147
"510","E02000530","Hounslow 005",25.1,2800.70888035176,2855.51958447765,5656.22846482941
"511","E02000531","Hounslow 006",40.4,3297.95871370151,3218.70418874669,6516.66290244819
"512","E02000532","Hounslow 007",40,3611.38119475796,3630.63000197355,7242.01119673151
"513","E02000533","Hounslow 008",79,3611.01946439759,3586.59884854497,7197.61831294256
"514","E02000534","Hounslow 009",16.5,2995.41284071711,3014.73864090741,6010.15148162452
"515","E02000535","Hounslow 010",60,2837.30849926612,2913.03100697231,5750.33950623844
"516","E02000536","Hounslow 011",57.7,2903.75969395646,2956.66045134335,5860.42014529981
"517","E02000537","Hounslow 012",45.7,2946.44892536885,3053.48417974575,5999.93310511461
"518","E02000538","Hounslow 013",36.8,2792.51285670824,2862.64515627042,5655.15801297866
"519","E02000539","Hounslow 014",65.3,3143.68245587089,3219.54828613581,6363.2307420067
"520","E02000540","Hounslow 015",73.7,3169.91844914098,3216.76319615128,6386.68164529226
"521","E02000541","Hounslow 016",84.2,2886.38763506553,2875.82186164673,5762.20949671226
"522","E02000542","Hounslow 017",89.8,3016.77706395848,3073.0437608685,6089.82082482698
"523","E02000543","Hounslow 018",102.3,3119.00506815657,3199.90806694438,6318.91313510094
"524","E02000544","Hounslow 019",59.2,3013.20281456466,3055.02728266725,6068.23009723191
"525","E02000545","Hounslow 020",62.2,3081.29486874422,3179.04225828573,6260.33712702994
"526","E02000546","Hounslow 021",39.6,2895.44849591674,2974.70842954642,5870.15692546316
"527","E02000547","Hounslow 022",28.7,2620.30872310685,2636.05655905883,5256.36528216568
"528","E02000548","Hounslow 023",25.8,2424.43982366074,2511.32408579874,4935.76390945948
"529","E02000549","Hounslow 024",44.9,2735.91194843676,2803.19842259087,5539.11037102764
"530","E02000550","Hounslow 025",110.1,2721.70739108715,2777.48986303321,5499.19725412036
"531","E02000551","Hounslow 026",40.5,2705.42060268233,2759.51084429789,5464.93144698022
"532","E02000552","Hounslow 027",27,2538.62375965308,2615.76120813791,5154.38496779099
"533","E02000553","Hounslow 028",26.2,2570.72593246826,2597.93906092419,5168.66499339244
"534","E02000554","Islington 001",144.1,4387.29238378148,4422.74104420194,8810.03342798342
"535","E02000555","Islington 002",157.8,4467.59511968606,4422.68939927997,8890.28451896603
"536","E02000556","Islington 003",153.7,4617.13783580103,4470.4367116471,9087.57454744813
"537","E02000557","Islington 004",114.7,4544.99221885539,4526.53743314771,9071.5296520031
"538","E02000558","Islington 005",184.3,5056.02492422454,4908.83729794695,9964.8622221715
"539","E02000559","Islington 006",152.2,4781.46903809954,4694.17216252389,9475.64120062343
"540","E02000560","Islington 007",140.6,4978.82052873705,4908.11148537602,9886.93201411307
"541","E02000561","Islington 008",126.3,4644.02004726831,4629.25192960704,9273.27197687535
"542","E02000562","Islington 009",122.4,4609.27242694429,4548.28287727078,9157.55530421507
"543","E02000563","Islington 010",146.4,4921.60818152461,4820.47070983353,9742.07889135814
"544","E02000564","Islington 011",129.9,4780.37074731803,4833.64814517348,9614.01889249152
"545","E02000565","Islington 012",159.7,4835.05829328231,4824.42308712297,9659.48138040528
"546","E02000566","Islington 013",116.6,4767.99235552339,4659.11771653364,9427.11007205702
"547","E02000567","Islington 014",155.9,4711.17991863734,4747.76992171405,9458.94984035139
"548","E02000568","Islington 015",106.6,4624.33834288653,4751.02923476386,9375.36757765039
"549","E02000569","Islington 016",143.1,4740.52386342271,4696.99518138351,9437.51904480622
"550","E02000570","Islington 017",143.3,4559.05944571897,4603.443364208,9162.50280992697
"551","E02000571","Islington 018",161.3,4746.17118471454,4762.08095969178,9508.25214440633
"552","E02000572","Islington 019",186.9,4693.51774172847,4708.44601530816,9401.96375703663
"553","E02000573","Islington 020",119.6,4877.28972492414,4850.39536061355,9727.68508553768
"554","E02000574","Islington 021",139.8,4844.82141911861,4791.39392432384,9636.21534344245
"555","E02000575","Islington 022",127.9,4577.51486727837,4563.97620215792,9141.49106943629
"556","E02000576","Islington 023",124.2,4742.3993072061,4739.47133223644,9481.87063944254
"557","E02000577","Kensington and Chelsea 001",82.6,4298.76229387925,4273.01516368224,8571.77745756149
"558","E02000578","Kensington and Chelsea 002",112.9,4166.84191916778,4223.85289732125,8390.69481648902
"559","E02000579","Kensington and Chelsea 003",141.1,4179.76203893681,4317.36992170712,8497.13196064393
"560","E02000580","Kensington and Chelsea 004",218.5,4341.59616120933,4368.30695509197,8709.9031163013
"561","E02000581","Kensington and Chelsea 005",169.2,4407.22194405941,4367.2945313339,8774.51647539331
"562","E02000582","Kensington and Chelsea 006",157,4226.55230682073,4315.29132829651,8541.84363511724
"563","E02000583","Kensington and Chelsea 007",126.9,4133.23373057591,4292.63355289668,8425.86728347259
"564","E02000584","Kensington and Chelsea 008",89.7,4276.98318299814,4403.06664865186,8680.04983165
"565","E02000585","Kensington and Chelsea 009",92.4,4503.02419007082,4533.79984315867,9036.82403322949
"566","E02000586","Kensington and Chelsea 010",147.9,4243.80127060618,4208.08601696002,8451.8872875662
"567","E02000587","Kensington and Chelsea 011",144,4366.77060549322,4398.41295979547,8765.18356528869
"568","E02000588","Kensington and Chelsea 012",106.4,4164.17997956569,4160.27347376182,8324.4534533275
"569","E02000589","Kensington and Chelsea 013",227.7,4360.88518481561,4374.06646561636,8734.95165043197
"570","E02000590","Kensington and Chelsea 014",152.3,4409.66709603939,4368.7359918092,8778.40308784858
"571","E02000591","Kensington and Chelsea 015",187.6,4381.45872213512,4375.15819751803,8756.61691965315
"572","E02000592","Kensington and Chelsea 016",119.2,4340.92634943004,4364.82665495447,8705.75300438451
"573","E02000593","Kensington and Chelsea 017",153,4588.72408814074,4530.31873426255,9119.04282240329
"574","E02000594","Kensington and Chelsea 018",93.7,4199.74428394762,4213.99909540354,8413.74337935116
"575","E02000595","Kensington and Chelsea 019",115.4,4361.83787679605,4399.88347315292,8761.72134994897
"576","E02000596","Kensington and Chelsea 020",142.1,4610.65797489117,4629.11618346737,9239.77415835855
"577","E02000597","Kensington and Chelsea 021",180.5,4632.92016584852,4633.00682287046,9265.92698871898
"578","E02000598","Kingston upon Thames 001",58.9,3064.00559493554,3142.21891710734,6206.22451204288
"579","E02000599","Kingston upon Thames 002",17.5,3208.72095229292,3198.32848956681,6407.04944185973
"580","E02000600","Kingston upon Thames 003",74.4,3282.02796020304,3262.55934670171,6544.58730690475
"581","E02000601","Kingston upon Thames 004",97.2,3178.94145112127,3161.68954400066,6340.63099512194
"582","E02000602","Kingston upon Thames 005",87.1,3250.18682299894,3260.36292189707,6510.54974489601
"583","E02000603","Kingston upon Thames 006",59.4,3236.38964860342,3210.01888999688,6446.4085386003
"584","E02000604","Kingston upon Thames 007",56,3311.91740391986,3282.50148048962,6594.41888440948
"585","E02000605","Kingston upon Thames 008",54.7,3279.3206477694,3211.39724576998,6490.71789353938
"586","E02000606","Kingston upon Thames 009",67.5,3219.47413770513,3244.08992002832,6463.56405773345
"587","E02000607","Kingston upon Thames 010",47.4,2950.23906894527,2932.53056304333,5882.76963198861
"588","E02000608","Kingston upon Thames 011",85.2,2962.89875718731,2965.04464253373,5927.94339972104
"589","E02000609","Kingston upon Thames 012",50.4,3148.26827687042,3178.81998528038,6327.0882621508
"590","E02000610","Kingston upon Thames 013",68.6,2981.87889459687,2972.49412818458,5954.37302278145
"591","E02000611","Kingston upon Thames 014",40.6,3040.92787713542,3017.47303089211,6058.40090802754
"592","E02000612","Kingston upon Thames 015",42.5,2971.15912233078,3074.07396319737,6045.23308552815
"593","E02000613","Kingston upon Thames 016",65.2,2866.79882925745,2838.27883195647,5705.07766121392
"594","E02000614","Kingston upon Thames 017",28.5,2944.01489672404,2917.1547407627,5861.16963748674
"595","E02000615","Kingston upon Thames 018",45.7,2627.04367923535,2607.92091757466,5234.96459681001
"596","E02000616","Kingston upon Thames 019",46,2398.68881345094,2382.60189668479,4781.29071013573
"597","E02000617","Kingston upon Thames 020",12.1,2402.20330896231,2298.24310172955,4700.44641069186
"598","E02000619","Lambeth 002",146.9,4560.51889297698,4671.41182405682,9231.9307170338
"599","E02000620","Lambeth 003",129,4586.18281302575,4652.3680134452,9238.55082647094
"600","E02000621","Lambeth 004",143.1,4680.86711291855,4662.47107497541,9343.33818789396
"601","E02000622","Lambeth 005",104,4676.86628119835,4702.14941223439,9379.01569343274
"602","E02000623","Lambeth 006",174.2,4471.4193233129,4516.11627832061,8987.53560163351
"603","E02000624","Lambeth 007",138.6,4631.32826594524,4616.56582260428,9247.89408854952
"604","E02000625","Lambeth 008",150.6,4525.5019940614,4521.38309736905,9046.88509143045
"605","E02000626","Lambeth 009",149.4,4524.57891272705,4504.71770158325,9029.2966143103
"606","E02000627","Lambeth 010",181.9,4715.1372528357,4683.69950382649,9398.83675666219
"607","E02000628","Lambeth 011",148.4,4689.7312528711,4605.17136408144,9294.90261695254
"608","E02000629","Lambeth 012",140.8,4589.23933670169,4622.12867220205,9211.36800890374
"609","E02000630","Lambeth 013",107.1,4608.81799863776,4578.66048274498,9187.47848138274
"610","E02000631","Lambeth 014",83,4459.99125028702,4434.44668649409,8894.43793678111
"611","E02000632","Lambeth 015",180.2,4566.84657269136,4642.70842782689,9209.55500051826
"612","E02000633","Lambeth 016",136.9,4685.17466204987,4676.75813859459,9361.93280064446
"613","E02000634","Lambeth 017",131.4,4575.91633375095,4611.80040551741,9187.71673926836
"614","E02000635","Lambeth 018",73.7,4212.38812814132,4194.06619686709,8406.45432500841
"615","E02000636","Lambeth 019",82.7,4437.73558538455,4410.03989635295,8847.7754817375
"616","E02000637","Lambeth 020",148.7,4398.81282692335,4442.55239078181,8841.36521770517
"617","E02000638","Lambeth 021",144.5,4380.2321614687,4425.23490682307,8805.46706829177
"618","E02000639","Lambeth 022",139,4375.29033224051,4361.10165785705,8736.39199009756
"619","E02000640","Lambeth 023",111.5,4208.33256675876,4152.07263841905,8360.40520517781
"620","E02000641","Lambeth 024",143.9,4335.39586104496,4349.67893759047,8685.07479863543
"621","E02000642","Lambeth 025",88.8,4364.25287191454,4389.40903907832,8753.66191099286
"622","E02000643","Lambeth 026",119.4,4259.28840063862,4218.84598447132,8478.13438510995
"623","E02000644","Lambeth 027",95.3,4386.94705351474,4333.21969551833,8720.16674903307
"624","E02000645","Lambeth 028",79.6,4153.790361438,4110.00980813118,8263.80016956919
"625","E02000646","Lambeth 029",96.2,4189.0596374706,4165.90351915398,8354.96315662458
"626","E02000647","Lambeth 030",87.7,3906.37073757429,3908.36533838197,7814.73607595626
"627","E02000648","Lambeth 031",110.6,3851.93649917275,3824.61978801817,7676.55628719093
"628","E02000649","Lambeth 032",108,3999.39676749697,3948.7709622498,7948.16772974676
"629","E02000650","Lambeth 033",96.2,3751.59875429211,3716.10434726726,7467.70310155937
"630","E02000651","Lambeth 034",76.7,3874.41302510181,3842.46921946533,7716.88224456714
"631","E02000652","Lambeth 035",107.1,3542.41765008683,3538.22702589197,7080.6446759788
"632","E02000653","Lewisham 001",126.3,4405.11693302821,4374.21313484394,8779.33006787215
"633","E02000654","Lewisham 002",85.2,4345.83848547214,4334.33846987368,8680.17695534582
"634","E02000655","Lewisham 003",83.9,4398.23942252503,4377.78992561779,8776.02934814282
"635","E02000657","Lewisham 005",103.9,4608.71428780758,4617.82064879809,9226.53493660566
"636","E02000658","Lewisham 006",107.4,4549.59541052447,4428.65197847366,8978.24738899813
"637","E02000659","Lewisham 007",75,4165.72011871091,4146.258047969,8311.9781666799
"638","E02000660","Lewisham 008",99.4,4375.26200607142,4336.26939377824,8711.53139984967
"639","E02000661","Lewisham 009",49.3,3815.36415762628,3853.13593040027,7668.50008802655
"640","E02000662","Lewisham 010",105.2,4211.98292098177,4186.42441654355,8398.40733752532
"641","E02000663","Lewisham 011",109.6,4313.58445898147,4220.98805773833,8534.5725167198
"642","E02000664","Lewisham 012",70.2,4212.53624784461,4230.37999003019,8442.9162378748
"643","E02000665","Lewisham 013",98.9,3841.03626867468,3873.67278317457,7714.70905184926
"644","E02000666","Lewisham 014",76.9,3954.74865766367,3927.30833033991,7882.05698800358
"645","E02000667","Lewisham 015",89.8,3965.79274127622,3989.27715570819,7955.0698969844
"646","E02000668","Lewisham 016",66,3912.97158876996,3875.82385998491,7788.79544875487
"647","E02000669","Lewisham 017",117,3836.31890193239,3853.76207253864,7690.08097447102
"648","E02000670","Lewisham 018",105.2,3894.49167714973,3851.68829717466,7746.17997432439
"649","E02000671","Lewisham 019",84.5,3880.93643231803,3937.15262110408,7818.08905342211
"650","E02000672","Lewisham 020",72.3,3937.76218897964,3857.63894879292,7795.40113777256
"651","E02000673","Lewisham 021",75.5,4038.76461067346,4053.93372945062,8092.69834012407
"652","E02000674","Lewisham 022",98,3869.87376753974,3834.7501524309,7704.62391997064
"653","E02000675","Lewisham 023",57.2,3709.31851788526,3740.24707703627,7449.56559492153
"654","E02000676","Lewisham 024",103.4,3750.83638757489,3742.5207471971,7493.35713477198
"655","E02000677","Lewisham 025",68.5,3673.62576784426,3658.16267638872,7331.78844423298
"656","E02000678","Lewisham 026",58.9,3651.91889840122,3685.62307246778,7337.541970869
"657","E02000679","Lewisham 027",84.2,3691.50806123531,3745.63859589166,7437.14665712698
"658","E02000680","Lewisham 028",89.2,3976.13154225695,4011.02381316112,7987.15535541807
"659","E02000681","Lewisham 029",59.8,3573.45552907208,3595.19270516183,7168.64823423391
"660","E02000682","Lewisham 030",68.6,3731.75432544743,3736.76862604971,7468.52295149714
"661","E02000683","Lewisham 031",67.2,3632.65639393072,3631.82063615908,7264.4770300898
"662","E02000685","Lewisham 033",79.4,3751.39975191811,3850.53079773495,7601.93054965307
"663","E02000686","Lewisham 034",38.6,3500.54573611955,3470.65229882043,6971.19803493998
"664","E02000687","Lewisham 035",102,3834.11734534098,3860.97163548157,7695.08898082255
"665","E02000689","Merton 001",42.4,3734.88048907323,3794.6330676513,7529.51355672453
"666","E02000690","Merton 002",10.5,3512.81866856587,3513.98137032835,7026.80003889422
"667","E02000691","Merton 003",79,3731.73670917331,3715.48501752356,7447.22172669687
"668","E02000692","Merton 004",67,3655.6430299014,3636.75910073226,7292.40213063366
"669","E02000693","Merton 005",87.6,3603.87747135377,3690.46593581403,7294.34340716779
"670","E02000694","Merton 006",112.8,3734.75183570139,3757.09969454612,7491.85153024751
"671","E02000695","Merton 007",102.8,3657.43324389302,3658.8896581467,7316.32290203972
"672","E02000696","Merton 008",108.9,3479.03653848705,3575.49558526866,7054.53212375571
"673","E02000697","Merton 009",70.9,3540.79254662935,3595.29008366212,7136.08263029147
"674","E02000698","Merton 010",44.5,3305.03511163854,3325.13333383886,6630.16844547741
"675","E02000699","Merton 011",82.6,3192.02319444268,3366.5623959968,6558.58559043948
"676","E02000700","Merton 012",89.9,3507.29460905057,3575.71461625989,7083.00922531046
"677","E02000701","Merton 013",88,3546.87921191627,3545.4371062902,7092.31631820647
"678","E02000702","Merton 014",49,3271.16030873234,3309.70978537267,6580.87009410501
"679","E02000703","Merton 015",53.1,3209.66907942115,3331.67596468032,6541.34504410147
"680","E02000704","Merton 016",46.3,3406.28397153479,3429.2073282582,6835.491299793
"681","E02000705","Merton 017",65.4,3241.44715837575,3271.53191512409,6512.97907349983
"682","E02000706","Merton 018",95.1,3431.80801074569,3440.28410345933,6872.09211420502
"683","E02000707","Merton 019",64.6,3092.79232728196,3117.8033361725,6210.59566345446
"684","E02000708","Merton 020",50.3,3171.72478887649,3221.78261423328,6393.50740310977
"685","E02000709","Merton 021",44.9,3060.23979176628,3172.52601477952,6232.7658065458
"686","E02000710","Merton 022",25.8,3329.14025311259,3436.94291043161,6766.0831635442
"687","E02000711","Merton 023",61.3,3221.23618129434,3362.02371389905,6583.2598951934
"688","E02000712","Merton 024",53.4,3092.62507647038,3159.06832224128,6251.69339871166
"689","E02000713","Merton 025",48.8,3021.75174346222,3108.67706252424,6130.42880598646
"690","E02000714","Newham 001",148,4261.68473824339,4229.9764553437,8491.66119358709
"691","E02000715","Newham 002",172.9,3971.52683011099,4064.52734338621,8036.05417349719
"692","E02000716","Newham 003",47,4111.15892962068,4120.31956895274,8231.47849857342
"693","E02000717","Newham 004",162.4,4296.96777900976,4247.01179465933,8543.97957366909
"694","E02000718","Newham 005",109.5,4141.20319867753,4076.87843874756,8218.08163742508
"695","E02000719","Newham 006",118.3,4278.02796705869,4234.38954768266,8512.41751474135
"696","E02000720","Newham 007",142.6,4195.47535260342,4222.98010614165,8418.45545874508
"697","E02000721","Newham 008",163.9,4381.11011471016,4317.50013634996,8698.61025106011
"698","E02000722","Newham 009",181.9,4307.43029866373,4347.45308408209,8654.88338274581
"699","E02000723","Newham 010",149.3,4442.47763102486,4423.76466262378,8866.24229364864
"700","E02000724","Newham 011",189.4,4241.00349950731,4128.01621586046,8369.01971536777
"701","E02000725","Newham 012",111.9,4312.1026663327,4401.62506985135,8713.72773618405
"702","E02000726","Newham 013",26.2,4362.49039754632,4279.06476776388,8641.5551653102
"703","E02000727","Newham 014",210.4,4234.95984967293,4216.238623403,8451.19847307593
"704","E02000728","Newham 015",125.5,4183.29605925636,4148.5482818896,8331.84434114596
"705","E02000729","Newham 016",100.5,4315.31232934192,4253.37955463235,8568.69188397427
"706","E02000730","Newham 017",178.6,4178.38456552401,4115.71992666598,8294.10449218999
"707","E02000731","Newham 018",173.4,4432.08009397565,4407.05542239544,8839.13551637109
"708","E02000732","Newham 019",171.4,4346.2795725104,4324.36690675405,8670.64647926445
"709","E02000733","Newham 020",131.8,4354.94397453687,4400.21522684534,8755.1592013822
"710","E02000734","Newham 021",200.9,4464.57483314544,4449.65197201393,8914.22680515937
"711","E02000735","Newham 022",138.3,4427.25899994229,4363.69373013086,8790.95273007315
"712","E02000736","Newham 023",68.3,3882.62299173173,3825.63964788534,7708.26263961707
"713","E02000737","Newham 024",112.2,4223.93392874534,4155.6887204352,8379.62264918054
"714","E02000738","Newham 025",184.3,4427.53537502906,4366.17656586936,8793.71194089841
"715","E02000739","Newham 026",152.1,4395.84096218423,4399.2950963086,8795.13605849283
"716","E02000740","Newham 027",53.7,4292.71476773547,4237.21524409967,8529.93001183514
"717","E02000741","Newham 028",109.3,4389.06431624115,4333.30246214052,8722.36677838167
"718","E02000742","Newham 029",101.2,4032.43604145665,3973.29549034004,8005.73153179669
"719","E02000743","Newham 030",125.4,4404.19108955624,4354.89463120364,8759.08572075988
"720","E02000744","Newham 031",134.2,4330.98391480912,4323.43869817136,8654.42261298048
"721","E02000745","Newham 032",112.5,4065.76845154075,4060.89877620328,8126.66722774403
"722","E02000746","Newham 033",17.5,3628.90313292199,3611.93295714434,7240.83609006632
"723","E02000747","Newham 034",56.1,4291.62440073881,4248.14504012883,8539.76944086763
"724","E02000748","Newham 035",46.9,3754.00721926672,3710.46194263108,7464.4691618978
"725","E02000749","Newham 036",57.7,4035.48130949329,4041.84311507447,8077.32442456775
"726","E02000750","Newham 037",32.3,3832.01790431097,3786.0717242323,7618.08962854327
"727","E02000751","Redbridge 001",33.9,3384.2975049244,3403.18245075312,6787.47995567753
"728","E02000752","Redbridge 002",14,2651.39317203524,2634.71017605052,5286.10334808576
"729","E02000753","Redbridge 003",81,2792.69903171601,2806.67662532101,5599.37565703702
"730","E02000754","Redbridge 004",52.2,3251.8403602447,3317.93775409405,6569.77811433875
"731","E02000755","Redbridge 005",38.8,3166.40581808386,3195.2371881917,6361.64300627556
"732","E02000756","Redbridge 006",35.1,3070.58304134486,3049.96795469084,6120.5509960357
"733","E02000757","Redbridge 007",77.2,3644.64998834736,3710.68934762806,7355.33933597542
"734","E02000758","Redbridge 008",51.9,3263.37972633542,3296.42161815631,6559.80134449174
"735","E02000759","Redbridge 009",51.4,3518.55033320148,3499.14355631432,7017.6938895158
"736","E02000760","Redbridge 010",67,3334.55597461774,3345.49182633157,6680.04780094931
"737","E02000762","Redbridge 012",78.7,3754.5763080642,3726.42675110717,7481.00305917137
"738","E02000763","Redbridge 013",9,3163.92483922916,3168.97172515499,6332.89656438414
"739","E02000764","Redbridge 014",59.8,3710.13647423902,3749.48320394734,7459.61967818636
"740","E02000765","Redbridge 015",86.9,3680.81039484546,3720.2330599528,7401.04345479826
"741","E02000767","Redbridge 017",86.8,3415.87955325004,3387.24304450222,6803.12259775226
"742","E02000768","Redbridge 018",33.3,3777.38227758199,3887.25586760261,7664.6381451846
"743","E02000769","Redbridge 019",94.1,3176.2906037601,3182.95341020424,6359.24401396433
"744","E02000770","Redbridge 020",64.9,3199.37323312524,3118.72553321215,6318.09876633739
"745","E02000772","Redbridge 022",56.6,3237.94739725827,3208.43270566735,6446.38010292561
"746","E02000773","Redbridge 023",96.6,3562.83367372082,3565.30129942846,7128.13497314928
"747","E02000774","Redbridge 024",106.3,3380.81805440514,3338.99637538902,6719.81442979415
"748","E02000776","Redbridge 026",106.1,3882.95421332429,3889.93512643944,7772.88933976373
"749","E02000777","Redbridge 027",16.8,3984.2351322996,3971.57713095777,7955.81226325737
"750","E02000779","Redbridge 029",85.9,3961.3089008681,3937.32118733405,7898.63008820215
"751","E02000780","Redbridge 030",115.4,3840.82556064349,3808.35571567011,7649.1812763136
"752","E02000781","Redbridge 031",72.6,3433.15936609055,3439.18431608693,6872.34368217748
"753","E02000782","Redbridge 032",133.1,3974.1000132932,3999.17436292291,7973.27437621611
"754","E02000783","Redbridge 033",128.1,3900.62862315768,3854.21800259805,7754.84662575573
"755","E02000784","Richmond upon Thames 001",38.9,4041.19601838195,4019.03693157919,8060.23294996114
"756","E02000785","Richmond upon Thames 002",23.9,3298.3707596163,3405.59156419842,6703.96232381472
"757","E02000786","Richmond upon Thames 003",59.2,3952.4828488616,3897.96461932226,7850.44746818386
"758","E02000787","Richmond upon Thames 004",61.2,3395.95093241172,3470.36218738941,6866.31311980113
"759","E02000788","Richmond upon Thames 005",80.1,3636.01624338968,3654.87288571091,7290.88912910059
"760","E02000789","Richmond upon Thames 006",33.8,3458.33967090008,3482.52522697436,6940.86489787443
"761","E02000790","Richmond upon Thames 007",77.6,3309.11331154316,3366.86282445585,6675.97613599901
"762","E02000791","Richmond upon Thames 008",54.9,3480.52242593385,3482.97543533595,6963.49786126981
"763","E02000792","Richmond upon Thames 009",56.1,3268.24002654407,3325.02292579338,6593.26295233745
"764","E02000793","Richmond upon Thames 010",61.2,2964.21465996689,3022.07096234819,5986.28562231508
"765","E02000794","Richmond upon Thames 011",45.1,3201.13293657147,3265.01203088377,6466.14496745524
"766","E02000795","Richmond upon Thames 012",5.7,3148.74410941072,3169.18234372206,6317.92645313278
"767","E02000796","Richmond upon Thames 013",53.9,2855.81334759149,2875.97617537728,5731.78952296876
"768","E02000797","Richmond upon Thames 014",76.4,3296.94050774507,3349.95270745997,6646.89321520504
"769","E02000798","Richmond upon Thames 015",42.9,2782.15793556268,2759.97524993623,5542.13318549891
"770","E02000799","Richmond upon Thames 016",50,2997.7082165918,3059.27034612476,6056.97856271656
"771","E02000800","Richmond upon Thames 017",28.3,2926.42448259722,2999.87421370268,5926.2986962999
"772","E02000801","Richmond upon Thames 018",66.9,2895.81224572118,2873.20484725131,5769.01709297249
"773","E02000802","Richmond upon Thames 019",46.5,2789.72435870092,2802.417996912,5592.14235561292
"774","E02000803","Richmond upon Thames 020",48.1,2652.24212587173,2680.76390229036,5333.00602816208
"775","E02000804","Richmond upon Thames 021",19,2940.70452078798,2954.50566017591,5895.21018096389
"776","E02000805","Richmond upon Thames 022",37.3,2982.05912177137,3013.87287661838,5995.93199838975
"777","E02000806","Richmond upon Thames 023",14.5,2590.73101877473,2593.87286695395,5184.60388572869
"778","E02000807","Southwark 001",116.8,4282.0188165865,4252.25873829484,8534.27755488134
"779","E02000808","Southwark 002",87,4417.67388305271,4409.71463234864,8827.38851540135
"780","E02000809","Southwark 003",152.9,4121.09932160258,3937.7065405813,8058.80586218387
"781","E02000810","Southwark 004",133.2,4562.32707595136,4543.09850185311,9105.42557780447
"782","E02000812","Southwark 006",146.6,4577.64137450173,4460.99948468228,9038.64085918401
"783","E02000813","Southwark 007",96.1,4360.77313980647,4337.92455670276,8698.69769650922
"784","E02000814","Southwark 008",88,4337.14301340209,4279.03117720187,8616.17419060396
"785","E02000815","Southwark 009",154.4,4763.10151289961,4650.66635409713,9413.76786699674
"786","E02000816","Southwark 010",119.1,4443.09217920197,4430.20094197976,8873.29312118172
"787","E02000817","Southwark 011",98.1,4392.37855928692,4408.2436342637,8800.62219355062
"788","E02000818","Southwark 012",128.9,4628.80578319344,4708.91538408821,9337.72116728165
"789","E02000819","Southwark 013",154.9,4668.27772782386,4641.93352883293,9310.21125665679
"790","E02000820","Southwark 014",189,4712.86436763209,4635.26052714973,9348.12489478182
"791","E02000821","Southwark 015",116.7,4673.4669573702,4653.12361054032,9326.59056791052
"792","E02000822","Southwark 016",169.3,4510.63941788272,4536.68660741993,9047.32602530265
"793","E02000823","Southwark 017",120.1,4586.03903620565,4522.50335385657,9108.54239006223
"794","E02000824","Southwark 018",98.4,4408.00724264524,4384.50645340274,8792.51369604798
"795","E02000825","Southwark 019",181,4416.61895031231,4387.18412264741,8803.80307295972
"796","E02000826","Southwark 020",161.7,4315.56880557394,4262.15011892816,8577.7189245021
"797","E02000827","Southwark 021",152.1,4714.39902041748,4626.15936944884,9340.55838986632
"798","E02000828","Southwark 022",131.8,4616.84863106836,4581.87704439855,9198.72567546691
"799","E02000829","Southwark 023",131.2,4382.39507659787,4353.06258150247,8735.45765810034
"800","E02000830","Southwark 024",106.1,4413.15376050369,4438.02265307927,8851.17641358296
"801","E02000831","Southwark 025",116.4,4334.41962402633,4344.32230961386,8678.74193364018
"802","E02000832","Southwark 026",117.8,4279.78209352382,4290.63778940474,8570.41988292855
"803","E02000833","Southwark 027",93.9,4084.95294593623,4111.05506284082,8196.00800877705
"804","E02000834","Southwark 028",75.8,4287.66644853294,4354.4214334621,8642.08788199504
"805","E02000835","Southwark 029",49.6,3925.98611998809,3913.88682997758,7839.87294996566
"806","E02000836","Southwark 030",109,4143.33585171811,4162.53652158442,8305.87237330253
"807","E02000837","Southwark 031",38.2,3356.91845017846,3645.49521841884,7002.4136685973
"808","E02000838","Southwark 032",85.8,4172.60477772334,4184.38632976421,8356.99110748755
"809","E02000839","Southwark 033",29.1,3775.45449363835,3795.7069675558,7571.16146119415
"810","E02000840","Sutton 001",59.8,3081.42575212336,3224.75094747353,6306.17669959689
"811","E02000841","Sutton 002",75.5,3135.88159762194,3257.97187631401,6393.85347393595
"812","E02000842","Sutton 003",47.4,2856.73714275814,2947.32335151531,5804.06049427345
"813","E02000843","Sutton 004",58.6,3119.33702761797,3142.99277128803,6262.329798906
"814","E02000844","Sutton 005",76.9,2887.58491352911,2902.12920738567,5789.71412091478
"815","E02000845","Sutton 006",58.9,2798.75034012155,2918.61326253285,5717.3636026544
"816","E02000846","Sutton 007",51.6,2955.90703277991,3048.05372143439,6003.9607542143
"817","E02000847","Sutton 008",57.1,2923.45865464537,3019.66660911971,5943.12526376508
"818","E02000848","Sutton 009",68.6,2808.92530521499,2965.04744737086,5773.97275258584
"819","E02000849","Sutton 010",62.7,3199.13351445284,3185.93436779672,6385.06788224955
"820","E02000850","Sutton 011",20.7,3170.00701936329,3195.32586479606,6365.33288415935
"821","E02000851","Sutton 012",73,2982.56056372083,2955.43024304853,5937.99080676936
"822","E02000852","Sutton 013",78.4,2954.17412574338,2951.6843956413,5905.85852138468
"823","E02000853","Sutton 014",60.9,2793.84953930516,2861.51282884795,5655.36236815311
"824","E02000854","Sutton 015",43.6,3022.63780574673,3007.93504389151,6030.57284963825
"825","E02000855","Sutton 016",41.8,2702.82983299417,2718.65409067768,5421.48392367184
"826","E02000856","Sutton 017",65.3,3059.27640063068,3043.86650101279,6103.14290164347
"827","E02000857","Sutton 018",77.5,3048.3539160031,3021.96676795598,6070.32068395908
"828","E02000858","Sutton 019",50.2,3048.82147090134,3025.33335781701,6074.15482871835
"829","E02000859","Sutton 020",47.7,2882.77455517776,2869.23027198749,5752.00482716525
"830","E02000860","Sutton 021",86.5,2822.46852631605,2792.72104260483,5615.18956892088
"831","E02000861","Sutton 022",29.3,2600.88088105948,2590.06103324965,5190.94191430913
"832","E02000863","Sutton 024",9.7,2357.31661380249,2449.19641058159,4806.51302438407
"833","E02000864","Tower Hamlets 001",65.8,4198.42493395329,4167.32495023197,8365.74988418526
"834","E02000865","Tower Hamlets 002",152.1,4722.17695765024,4710.29703895243,9432.47399660268
"835","E02000866","Tower Hamlets 003",85.2,4685.37063218325,4638.58299158529,9323.95362376853
"836","E02000867","Tower Hamlets 004",120.6,4433.3107222681,4395.55792484591,8828.86864711401
"837","E02000868","Tower Hamlets 005",184.6,4637.13703805633,4618.92845388452,9256.06549194086
"838","E02000869","Tower Hamlets 006",177,4772.09398420826,4783.94224177129,9556.03622597956
"839","E02000870","Tower Hamlets 007",164,4795.00907068848,4689.58175837232,9484.5908290608
"840","E02000871","Tower Hamlets 008",128.4,4468.35230896193,4444.02654531465,8912.37885427658
"841","E02000872","Tower Hamlets 009",164.3,4540.73405721453,4612.84625424139,9153.58031145592
"842","E02000873","Tower Hamlets 010",172.6,4703.19731541343,4659.35348918667,9362.55080460011
"843","E02000874","Tower Hamlets 011",207.9,4754.28237691056,4669.69002684157,9423.97240375214
"844","E02000875","Tower Hamlets 012",141.4,4385.17476464415,4372.45203620898,8757.62680085313
"845","E02000876","Tower Hamlets 013",130.7,4784.91991726176,4548.31823334217,9333.23815060393
"846","E02000877","Tower Hamlets 014",121.3,4732.88321148715,4693.31161696753,9426.19482845467
"847","E02000878","Tower Hamlets 015",161.1,4565.9842501647,4557.6024529543,9123.58670311901
"848","E02000879","Tower Hamlets 016",172,4767.80264434871,4716.49999402081,9484.30263836952
"849","E02000880","Tower Hamlets 017",155.1,4858.8174703514,4676.93586824291,9535.75333859431
"850","E02000881","Tower Hamlets 018",98,4456.77329195551,4460.80207300232,8917.57536495784
"851","E02000882","Tower Hamlets 019",149.8,4708.77792844318,4656.42598787435,9365.20391631752
"852","E02000883","Tower Hamlets 020",168.1,4685.22205873536,4649.05935176473,9334.28141050009
"853","E02000884","Tower Hamlets 021",166.6,4799.83752557238,4739.42146653302,9539.25899210541
"854","E02000885","Tower Hamlets 022",204.1,4663.06443850013,4580.57748161264,9243.64192011277
"855","E02000886","Tower Hamlets 023",149.7,4999.34127501172,4899.98275997561,9899.32403498733
"856","E02000887","Tower Hamlets 024",148.6,4767.20249329315,4786.19644825128,9553.39894154444
"857","E02000888","Tower Hamlets 025",155.9,4915.00549757081,4804.90811337367,9719.91361094448
"858","E02000889","Tower Hamlets 026",114.1,4472.01189081372,4416.38088948496,8888.39278029868
"859","E02000890","Tower Hamlets 027",103,4630.92306694867,4470.11628358422,9101.03935053289
"860","E02000891","Tower Hamlets 028",83.1,4548.3596926363,4504.08953188299,9052.4492245193
"861","E02000893","Tower Hamlets 030",94.4,4173.38954182981,4174.31591294566,8347.70545477547
"862","E02000894","Tower Hamlets 031",185,4148.70244452743,4092.74860499351,8241.45104952094
"863","E02000895","Waltham Forest 001",36.4,3133.86920173495,3085.71552755925,6219.58472929419
"864","E02000896","Waltham Forest 002",31.3,3111.85309613939,3117.18725299148,6229.04034913088
"865","E02000897","Waltham Forest 003",42.9,3313.71410749749,3341.46666211811,6655.18076961559
"866","E02000898","Waltham Forest 004",50.6,3375.47452664019,3390.71875204305,6766.19327868325
"867","E02000899","Waltham Forest 005",65.8,3500.50303724034,3468.79715656616,6969.3001938065
"868","E02000900","Waltham Forest 006",52.1,3509.15428985074,3480.79047738716,6989.94476723789
"869","E02000901","Waltham Forest 007",54.5,3343.31574337755,3378.79066101342,6722.10640439097
"870","E02000902","Waltham Forest 008",67.7,3653.46280727956,3622.31668569978,7275.77949297934
"871","E02000903","Waltham Forest 009",46,3617.74613069949,3627.06399731893,7244.81012801841
"872","E02000904","Waltham Forest 010",56.4,3758.88604575965,3789.35279159139,7548.23883735104
"873","E02000905","Waltham Forest 011",91.4,4055.66402658487,3967.97965140285,8023.64367798771
"874","E02000906","Waltham Forest 012",149.6,3961.14585494106,3949.46943243942,7910.61528738047
"875","E02000907","Waltham Forest 013",111.9,3829.18642959593,3805.33569233599,7634.52212193192
"876","E02000908","Waltham Forest 014",44.6,3980.77219741687,3941.4246237106,7922.19682112747
"877","E02000909","Waltham Forest 015",62.1,3705.33126730072,3730.90446519142,7436.23573249214
"878","E02000910","Waltham Forest 016",135.3,3965.55752371905,3961.59641069358,7927.15393441263
"879","E02000911","Waltham Forest 017",122.1,3954.67146494069,3965.05952223906,7919.73098717975
"880","E02000912","Waltham Forest 018",37,3990.99651146064,4000.14579814225,7991.14230960288
"881","E02000913","Waltham Forest 019",82.4,4053.26780968255,4096.49307595352,8149.76088563607
"882","E02000914","Waltham Forest 020",151.4,4217.5393558059,4184.65583527682,8402.19519108272
"883","E02000915","Waltham Forest 021",57.9,3997.65690624192,4049.33371790742,8046.99062414935
"884","E02000916","Waltham Forest 022",42.7,3993.52038519172,4032.66689530956,8026.18728050128
"885","E02000917","Waltham Forest 023",135.1,4102.8876486947,4133.39370605393,8236.28135474863
"886","E02000918","Waltham Forest 024",109.6,4068.61454419745,3964.90036485194,8033.51490904939
"887","E02000919","Waltham Forest 025",164,4292.28082694811,4262.21449069958,8554.4953176477
"888","E02000920","Waltham Forest 026",54.3,4266.71326314002,4232.90300871029,8499.61627185031
"889","E02000921","Waltham Forest 027",131,4211.94119821774,4207.85202244105,8419.79322065879
"890","E02000922","Waltham Forest 028",161.2,4026.09236193593,4039.55811362228,8065.65047555821
"891","E02000923","Wandsworth 001",69.8,4410.14708540127,4402.92271576099,8813.06980116227
"892","E02000924","Wandsworth 002",55,4299.34944752987,4382.19035820548,8681.53980573535
"893","E02000925","Wandsworth 003",177.6,4439.83851792137,4520.92761288658,8960.76613080795
"894","E02000926","Wandsworth 004",141.9,4431.30994844754,4460.98665591986,8892.2966043674
"895","E02000927","Wandsworth 005",150.9,4678.64004134009,4667.82900913094,9346.46905047103
"896","E02000928","Wandsworth 006",90,3962.85667931237,3992.60321911612,7955.45989842848
"897","E02000929","Wandsworth 007",180.6,4524.48213096676,4477.86467923343,9002.34681020019
"898","E02000930","Wandsworth 008",119.4,4686.2707444911,4598.78008280946,9285.05082730056
"899","E02000931","Wandsworth 009",106.5,4518.76010147128,4534.43161985381,9053.19172132508
"900","E02000932","Wandsworth 010",81.3,4044.13409267139,4068.08349438248,8112.21758705387
"901","E02000933","Wandsworth 011",81.7,3966.4676620086,3990.50305753441,7956.97071954301
"902","E02000934","Wandsworth 012",116,4541.62556075584,4566.32747943212,9107.95304018796
"903","E02000935","Wandsworth 013",48,3912.56952383641,3911.00561015653,7823.57513399294
"904","E02000936","Wandsworth 014",92.4,3782.79515738326,3837.29356646809,7620.08872385135
"905","E02000937","Wandsworth 015",62.6,4092.43485670917,4089.99174362465,8182.42660033383
"906","E02000938","Wandsworth 016",54.2,3721.21016118362,3731.43812576963,7452.64828695326
"907","E02000939","Wandsworth 017",109.4,4176.85733752515,4198.32595951625,8375.1832970414
"908","E02000940","Wandsworth 018",111.8,4211.59466083179,4198.05461956884,8409.64928040062
"909","E02000941","Wandsworth 019",93.7,4014.78826909895,4045.15029363341,8059.93856273236
"910","E02000942","Wandsworth 020",95.6,4068.0598594791,4149.58646245596,8217.64632193506
"911","E02000943","Wandsworth 021",119.1,4178.45349566476,4128.43091645624,8306.884412121
"912","E02000944","Wandsworth 022",123,3798.13128388225,3905.89561942658,7704.02690330883
"913","E02000945","Wandsworth 023",34.5,3726.80801905059,3684.95538098561,7411.76340003621
"914","E02000946","Wandsworth 024",82.5,3949.08115784888,3936.32621021245,7885.40736806133
"915","E02000947","Wandsworth 025",104.2,4015.40710846707,4053.40567277236,8068.81278123943
"916","E02000948","Wandsworth 026",74.4,3958.12647089274,3909.17784185974,7867.30431275248
"917","E02000949","Wandsworth 027",70.1,4086.24112264041,4107.39553463429,8193.63665727471
"918","E02000950","Wandsworth 028",88.2,3582.43990806408,3658.30675509206,7240.74666315613
"919","E02000951","Wandsworth 029",135.3,4264.96216896148,4220.45167225191,8485.41384121339
"920","E02000952","Wandsworth 030",112,4141.42876788957,4159.40086000087,8300.82962789045
"921","E02000953","Wandsworth 031",102.9,3917.82882268131,3948.30203509703,7866.13085777833
"922","E02000954","Wandsworth 032",142.8,4182.02075010748,4150.63216533913,8332.65291544661
"923","E02000955","Wandsworth 033",119.7,4115.09107170373,4134.04949947794,8249.14057118168
"924","E02000956","Wandsworth 034",89.9,4007.65811533338,4016.73293227475,8024.39104760812
"925","E02000957","Wandsworth 035",142.4,4046.74465750392,4084.24295463451,8130.98761213843
"926","E02000958","Wandsworth 036",92.8,3718.48315179772,3671.73650561561,7390.21965741333
"927","E02000959","Wandsworth 037",138.5,3864.62458891733,3782.54028868761,7647.16487760494
"928","E02000960","Westminster 001",71.8,4496.65835918887,4561.11815159088,9057.77651077975
"929","E02000961","Westminster 002",116.2,4531.25096287882,4530.28166056789,9061.53262344671
"930","E02000962","Westminster 003",124.3,4464.28911383126,4485.1013340665,8949.39044789776
"931","E02000963","Westminster 004",212.9,4262.1288764777,4368.38398461635,8630.51286109405
"932","E02000964","Westminster 005",246.7,4467.60619871651,4543.25394988161,9010.86014859812
"933","E02000965","Westminster 006",175.6,4434.68053342421,4423.10255146476,8857.78308488897
"934","E02000966","Westminster 007",173.3,4504.23610462283,4514.60995865101,9018.84606327384
"935","E02000967","Westminster 008",51.5,4307.9604009774,4340.92105207979,8648.88145305719
"936","E02000968","Westminster 009",235.9,4343.52838813458,4375.9428848432,8719.47127297778
"937","E02000969","Westminster 010",171.8,4518.83744451487,4544.94192699226,9063.77937150713
"938","E02000970","Westminster 011",82.9,4427.66140184581,4420.75876661724,8848.42016846305
"939","E02000971","Westminster 012",155.5,4359.20643382024,4206.71424305768,8565.92067687792
"940","E02000972","Westminster 013",64.5,4352.35175135325,4367.43358734592,8719.78533869918
"941","E02000973","Westminster 014",186,4300.21226563544,4331.78984306908,8632.00210870452
"942","E02000974","Westminster 015",127.6,4289.57595594409,4356.99054708046,8646.56650302455
"943","E02000975","Westminster 016",180.8,4192.53759451162,4326.58910753674,8519.12670204836
"944","E02000976","Westminster 017",215.4,4031.83028940719,4044.28327055362,8076.11355996081
"945","E02000977","Westminster 018",29.8,4497.87322892802,4430.40828688082,8928.28151580884
"946","E02000978","Westminster 019",25.8,4262.96000077863,4369.06062195279,8632.02062273143
"947","E02000979","Westminster 020",58.1,4549.84467538994,4482.07044150477,9031.91511689471
"948","E02000980","Westminster 021",193.7,4514.03421516525,4606.81211242263,9120.84632758788
"949","E02000981","Westminster 022",247.2,4523.84175299829,4594.09958099097,9117.94133398926
"950","E02000982","Westminster 023",126,4500.92867033043,4450.60592223951,8951.53459256994
"951","E02000983","Westminster 024",223.4,4621.0549269569,4652.65760229984,9273.71252925675
"952","E02006782","Bromley 040",29.4,3113.83646098945,3137.0158459918,6250.85230698125
"953","E02006783","Lewisham 037",76.8,3622.09816078678,3583.10940226837,7205.20756305515
"954","E02006784","Lewisham 038",51,3609.97739797845,3607.46977290322,7217.44717088167
"955","E02006785","Bexley 029",46.9,3255.78246708652,3269.67645998566,6525.45892707218
"956","E02006786","Greenwich 033",55.4,3053.9505221753,3063.0622418327,6117.01276400799
"957","E02006787","Bromley 041",50.4,3535.13023120036,3491.22799776155,7026.35822896191
"958","E02006788","Croydon 045",54,3552.74908739233,3590.38068329329,7143.12977068562
"959","E02006789","Bromley 042",2.9,2163.94516576575,2106.44986221834,4270.39502798409
"960","E02006791","Ealing 040",97.9,3817.30834927755,3787.40504032353,7604.71338960108
"961","E02006792","Hounslow 029",57.9,3718.94833546988,3725.53855828331,7444.4868937532
"962","E02006793","Enfield 037",89.9,3801.50236200111,3771.91768164734,7573.42004364845
"963","E02006794","Haringey 037",105.4,4094.55108083037,4095.31456698872,8189.86564781909
"964","E02006795","Harrow 032",84.1,3106.90005942421,3162.58272321412,6269.48278263833
"965","E02006796","Hillingdon 033",19.6,2823.71661259774,2924.20673876529,5747.92335136303
"966","E02006798","Lewisham 039",91.9,4572.66202371632,4552.00575060932,9124.66777432564
"967","E02006799","Barking and Dagenham 023",83.8,3152.62396182606,3185.75963580511,6338.38359763116
"968","E02006800","Redbridge 034",79.4,3320.21697130772,3250.85479725765,6571.07176856538
"969","E02006801","Lambeth 036",70.8,4683.40643586111,4587.99387779166,9271.40031365278
"970","E02006802","Southwark 034",111.5,4798.46371502745,4703.06270020403,9501.52641523148
"971","E02006836","Sutton 025",24.8,2453.42322342019,2558.08368859523,5011.50691201542
"972","E02006853","Tower Hamlets 032",141.4,4428.094737819,4271.81890512363,8699.91364294263
"973","E02006854","Tower Hamlets 033",64.4,4710.30802845626,4653.00831621528,9363.31634467155
"974","E02006882","Harrow 033",66.6,3183.20832055482,3203.51573835922,6386.72405891404
"975","E02006918","Hackney 028",146.7,4491.09799929853,4529.7185960511,9020.81659534963
"976","E02006921","Hackney 029",171,4523.73360078689,4527.947486704,9051.68108749089
"977","E02006924","Redbridge 035",53.1,3588.68161352507,3585.70512704499,7174.38674057006
"978","E02006925","Redbridge 036",53.1,3512.43449760281,3536.06204156422,7048.49653916704
"979","E02006927","Greenwich 034",33,3663.87494251891,3693.42032900152,7357.29527152043
"980","E02006928","Greenwich 035",136,4173.16281785555,4160.67548488679,8333.83830274234
"981","E02006929","Greenwich 036",29.4,4157.05115720422,4126.8224009849,8283.87355818912
"982","E02006930","Greenwich 037",75.6,4036.25188412418,4009.57300300086,8045.82488712504
"983","E02006931","Greenwich 038",46.1,4112.18228701935,4090.74955568097,8202.93184270032
