"","X","O","D","flow","lat_o","lon_o","lat_d","lon_d"
"1",1,"E09000001","E09000001",165,5.32479633543,1.81271833312,5.32479633543,1.81271833312
"2",2,"E09000001","E09000002",2775,5.32479633543,1.81271833312,5.48040122277,1.85087790195
"3",3,"E09000001","E09000003",7635,5.32479633543,1.81271833312,5.24027594903,1.92316339761
"4",4,"E09000001","E09000004",5313,5.32479633543,1.81271833312,5.48794417061,1.75487156077
"5",5,"E09000001","E09000005",4033,5.32479633543,1.81271833312,5.20177868431,1.85829516116
"6",6,"E09000001","E09000006",8805,5.32479633543,1.81271833312,5.42895511607,1.6565552134
"7",7,"E09000001","E09000007",8439,5.32479633543,1.81271833312,5.27864404456,1.84664064974
"8",8,"E09000001","E09000008",5494,5.32479633543,1.81271833312,5.33290153919,1.63541243574
"9",9,"E09000001","E09000009",4174,5.32479633543,1.81271833312,5.1588793777,1.81715495617
"10",10,"E09000001","E09000010",4656,5.32479633543,1.81271833312,5.32423971271,1.96420839194
"11",11,"E09000001","E09000011",6612,5.32479633543,1.81271833312,5.42908095038,1.76875739958
"12",12,"E09000001","E09000012",5225,5.32479633543,1.81271833312,5.34371595161,1.85485638333
"13",13,"E09000001","E09000013",7690,5.32479633543,1.81271833312,5.23572679099,1.78944774634
"14",14,"E09000001","E09000014",5677,5.32479633543,1.81271833312,5.31200629303,1.89643397349
"15",15,"E09000001","E09000015",2220,5.32479633543,1.81271833312,5.14986702776,1.90066843114
"16",16,"E09000001","E09000016",5168,5.32479633543,1.81271833312,5.54049030356,1.8739202499
"17",17,"E09000001","E09000017",1142,5.32479633543,1.81271833312,5.07889738619,1.83652822092
"18",18,"E09000001","E09000018",2470,5.32479633543,1.81271833312,5.13515505536,1.7564322432
"19",19,"E09000001","E09000019",7551,5.32479633543,1.81271833312,5.31128892454,1.84980017254
"20",20,"E09000001","E09000020",10072,5.32479633543,1.81271833312,5.2553651357,1.79622988607
"21",21,"E09000001","E09000021",1305,5.32479633543,1.81271833312,5.19297634807,1.6682001149
"22",22,"E09000001","E09000022",10873,5.32479633543,1.81271833312,5.30844721978,1.74356424635
"23",23,"E09000001","E09000023",7328,5.32479633543,1.81271833312,5.37670434744,1.73980732066
"24",24,"E09000001","E09000024",4691,5.32479633543,1.81271833312,5.25476210799,1.69422296196
"25",25,"E09000001","E09000025",6438,5.32479633543,1.81271833312,5.41357509122,1.83013203076
"26",26,"E09000001","E09000026",6797,5.32479633543,1.81271833312,5.43914957882,1.8946500933
"27",27,"E09000001","E09000027",3135,5.32479633543,1.81271833312,5.17344471233,1.72813842824
"28",28,"E09000001","E09000028",8713,5.32479633543,1.81271833312,5.33820596448,1.76665801586
"29",29,"E09000001","E09000029",1908,5.32479633543,1.81271833312,5.26976871363,1.64133903682
"30",30,"E09000001","E09000030",10092,5.32479633543,1.81271833312,5.36398886041,1.8163420964
"31",31,"E09000001","E09000031",5589,5.32479633543,1.81271833312,5.37758137179,1.90223388304
"32",32,"E09000001","E09000032",15089,5.32479633543,1.81271833312,5.26113629998,1.74045077922
"33",33,"E09000001","E09000033",11568,5.32479633543,1.81271833312,5.27686065085,1.81043733482
"34",34,"E09000002","E09000002",8719,5.48040122277,1.85087790195,5.48040122277,1.85087790195
"35",35,"E09000002","E09000004",7,5.48040122277,1.85087790195,5.48794417061,1.75487156077
"36",36,"E09000002","E09000010",14,5.48040122277,1.85087790195,5.32423971271,1.96420839194
"37",37,"E09000002","E09000011",31,5.48040122277,1.85087790195,5.42908095038,1.76875739958
"38",38,"E09000002","E09000012",8,5.48040122277,1.85087790195,5.34371595161,1.85485638333
"39",39,"E09000002","E09000014",25,5.48040122277,1.85087790195,5.31200629303,1.89643397349
"40",40,"E09000002","E09000016",2774,5.48040122277,1.85087790195,5.54049030356,1.8739202499
"41",41,"E09000002","E09000023",4,5.48040122277,1.85087790195,5.37670434744,1.73980732066
"42",42,"E09000002","E09000025",1300,5.48040122277,1.85087790195,5.41357509122,1.83013203076
"43",43,"E09000002","E09000026",1799,5.48040122277,1.85087790195,5.43914957882,1.8946500933
"44",44,"E09000002","E09000028",3,5.48040122277,1.85087790195,5.33820596448,1.76665801586
"45",45,"E09000002","E09000030",65,5.48040122277,1.85087790195,5.36398886041,1.8163420964
"46",46,"E09000002","E09000031",109,5.48040122277,1.85087790195,5.37758137179,1.90223388304
"47",47,"E09000003","E09000003",19580,5.24027594903,1.92316339761,5.24027594903,1.92316339761
"48",48,"E09000003","E09000005",3137,5.24027594903,1.92316339761,5.20177868431,1.85829516116
"49",49,"E09000003","E09000007",387,5.24027594903,1.92316339761,5.27864404456,1.84664064974
"50",50,"E09000003","E09000008",4,5.24027594903,1.92316339761,5.33290153919,1.63541243574
"51",51,"E09000003","E09000009",97,5.24027594903,1.92316339761,5.1588793777,1.81715495617
"52",52,"E09000003","E09000010",1940,5.24027594903,1.92316339761,5.32423971271,1.96420839194
"53",53,"E09000003","E09000012",74,5.24027594903,1.92316339761,5.34371595161,1.85485638333
"54",54,"E09000003","E09000013",12,5.24027594903,1.92316339761,5.23572679099,1.78944774634
"55",55,"E09000003","E09000014",767,5.24027594903,1.92316339761,5.31200629303,1.89643397349
"56",56,"E09000003","E09000015",1906,5.24027594903,1.92316339761,5.14986702776,1.90066843114
"57",57,"E09000003","E09000017",10,5.24027594903,1.92316339761,5.07889738619,1.83652822092
"58",58,"E09000003","E09000018",10,5.24027594903,1.92316339761,5.13515505536,1.7564322432
"59",59,"E09000003","E09000019",173,5.24027594903,1.92316339761,5.31128892454,1.84980017254
"60",60,"E09000003","E09000020",8,5.24027594903,1.92316339761,5.2553651357,1.79622988607
"61",61,"E09000003","E09000022",8,5.24027594903,1.92316339761,5.30844721978,1.74356424635
"62",62,"E09000003","E09000026",11,5.24027594903,1.92316339761,5.43914957882,1.8946500933
"63",63,"E09000003","E09000028",3,5.24027594903,1.92316339761,5.33820596448,1.76665801586
"64",64,"E09000003","E09000030",5,5.24027594903,1.92316339761,5.36398886041,1.8163420964
"65",65,"E09000003","E09000031",75,5.24027594903,1.92316339761,5.37758137179,1.90223388304
"66",66,"E09000003","E09000033",63,5.24027594903,1.92316339761,5.27686065085,1.81043733482
"67",67,"E09000004","E09000004",14050,5.48794417061,1.75487156077,5.48794417061,1.75487156077
"68",68,"E09000004","E09000006",633,5.48794417061,1.75487156077,5.42895511607,1.6565552134
"69",69,"E09000004","E09000008",11,5.48794417061,1.75487156077,5.33290153919,1.63541243574
"70",70,"E09000004","E09000011",2539,5.48794417061,1.75487156077,5.42908095038,1.76875739958
"71",71,"E09000004","E09000012",3,5.48794417061,1.75487156077,5.34371595161,1.85485638333
"72",72,"E09000004","E09000016",12,5.48794417061,1.75487156077,5.54049030356,1.8739202499
"73",73,"E09000004","E09000022",8,5.48794417061,1.75487156077,5.30844721978,1.74356424635
"74",74,"E09000004","E09000023",276,5.48794417061,1.75487156077,5.37670434744,1.73980732066
"75",75,"E09000004","E09000025",16,5.48794417061,1.75487156077,5.41357509122,1.83013203076
"76",76,"E09000004","E09000028",29,5.48794417061,1.75487156077,5.33820596448,1.76665801586
"77",77,"E09000005","E09000002",13,5.20177868431,1.85829516116,5.48040122277,1.85087790195
"78",78,"E09000005","E09000003",1901,5.20177868431,1.85829516116,5.24027594903,1.92316339761
"79",79,"E09000005","E09000005",16979,5.20177868431,1.85829516116,5.20177868431,1.85829516116
"80",80,"E09000005","E09000007",304,5.20177868431,1.85829516116,5.27864404456,1.84664064974
"81",81,"E09000005","E09000008",4,5.20177868431,1.85829516116,5.33290153919,1.63541243574
"82",82,"E09000005","E09000009",3216,5.20177868431,1.85829516116,5.1588793777,1.81715495617
"83",83,"E09000005","E09000010",93,5.20177868431,1.85829516116,5.32423971271,1.96420839194
"84",84,"E09000005","E09000011",14,5.20177868431,1.85829516116,5.42908095038,1.76875739958
"85",85,"E09000005","E09000012",26,5.20177868431,1.85829516116,5.34371595161,1.85485638333
"86",86,"E09000005","E09000013",315,5.20177868431,1.85829516116,5.23572679099,1.78944774634
"87",87,"E09000005","E09000014",113,5.20177868431,1.85829516116,5.31200629303,1.89643397349
"88",88,"E09000005","E09000015",6087,5.20177868431,1.85829516116,5.14986702776,1.90066843114
"89",89,"E09000005","E09000017",721,5.20177868431,1.85829516116,5.07889738619,1.83652822092
"90",90,"E09000005","E09000018",260,5.20177868431,1.85829516116,5.13515505536,1.7564322432
"91",91,"E09000005","E09000019",10,5.20177868431,1.85829516116,5.31128892454,1.84980017254
"92",92,"E09000005","E09000020",108,5.20177868431,1.85829516116,5.2553651357,1.79622988607
"93",93,"E09000005","E09000021",6,5.20177868431,1.85829516116,5.19297634807,1.6682001149
"94",94,"E09000005","E09000022",7,5.20177868431,1.85829516116,5.30844721978,1.74356424635
"95",95,"E09000005","E09000023",10,5.20177868431,1.85829516116,5.37670434744,1.73980732066
"96",96,"E09000005","E09000025",52,5.20177868431,1.85829516116,5.41357509122,1.83013203076
"97",97,"E09000005","E09000026",8,5.20177868431,1.85829516116,5.43914957882,1.8946500933
"98",98,"E09000005","E09000027",10,5.20177868431,1.85829516116,5.17344471233,1.72813842824
"99",99,"E09000005","E09000028",20,5.20177868431,1.85829516116,5.33820596448,1.76665801586
"100",100,"E09000005","E09000030",13,5.20177868431,1.85829516116,5.36398886041,1.8163420964
"101",101,"E09000005","E09000031",15,5.20177868431,1.85829516116,5.37758137179,1.90223388304
"102",102,"E09000005","E09000032",59,5.20177868431,1.85829516116,5.26113629998,1.74045077922
"103",103,"E09000005","E09000033",460,5.20177868431,1.85829516116,5.27686065085,1.81043733482
"104",104,"E09000006","E09000004",1461,5.42895511607,1.6565552134,5.48794417061,1.75487156077
"105",105,"E09000006","E09000006",22316,5.42895511607,1.6565552134,5.42895511607,1.6565552134
"106",106,"E09000006","E09000008",2959,5.42895511607,1.6565552134,5.33290153919,1.63541243574
"107",107,"E09000006","E09000011",770,5.42895511607,1.6565552134,5.42908095038,1.76875739958
"108",108,"E09000006","E09000012",6,5.42895511607,1.6565552134,5.34371595161,1.85485638333
"109",109,"E09000006","E09000019",3,5.42895511607,1.6565552134,5.31128892454,1.84980017254
"110",110,"E09000006","E09000022",166,5.42895511607,1.6565552134,5.30844721978,1.74356424635
"111",111,"E09000006","E09000023",3064,5.42895511607,1.6565552134,5.37670434744,1.73980732066
"112",112,"E09000006","E09000024",14,5.42895511607,1.6565552134,5.25476210799,1.69422296196
"113",113,"E09000006","E09000025",3,5.42895511607,1.6565552134,5.41357509122,1.83013203076
"114",114,"E09000006","E09000026",3,5.42895511607,1.6565552134,5.43914957882,1.8946500933
"115",115,"E09000006","E09000027",3,5.42895511607,1.6565552134,5.17344471233,1.72813842824
"116",116,"E09000006","E09000028",184,5.42895511607,1.6565552134,5.33820596448,1.76665801586
"117",117,"E09000006","E09000029",38,5.42895511607,1.6565552134,5.26976871363,1.64133903682
"118",118,"E09000006","E09000030",5,5.42895511607,1.6565552134,5.36398886041,1.8163420964
"119",119,"E09000006","E09000031",6,5.42895511607,1.6565552134,5.37758137179,1.90223388304
"120",120,"E09000007","E09000001",109,5.27864404456,1.84664064974,5.32479633543,1.81271833312
"121",121,"E09000007","E09000002",307,5.27864404456,1.84664064974,5.48040122277,1.85087790195
"122",122,"E09000007","E09000003",7858,5.27864404456,1.84664064974,5.24027594903,1.92316339761
"123",123,"E09000007","E09000004",498,5.27864404456,1.84664064974,5.48794417061,1.75487156077
"124",124,"E09000007","E09000005",4751,5.27864404456,1.84664064974,5.20177868431,1.85829516116
"125",125,"E09000007","E09000006",823,5.27864404456,1.84664064974,5.42895511607,1.6565552134
"126",126,"E09000007","E09000007",9586,5.27864404456,1.84664064974,5.27864404456,1.84664064974
"127",127,"E09000007","E09000008",1499,5.27864404456,1.84664064974,5.33290153919,1.63541243574
"128",128,"E09000007","E09000009",1319,5.27864404456,1.84664064974,5.1588793777,1.81715495617
"129",129,"E09000007","E09000010",2782,5.27864404456,1.84664064974,5.32423971271,1.96420839194
"130",130,"E09000007","E09000011",1307,5.27864404456,1.84664064974,5.42908095038,1.76875739958
"131",131,"E09000007","E09000012",5319,5.27864404456,1.84664064974,5.34371595161,1.85485638333
"132",132,"E09000007","E09000013",2291,5.27864404456,1.84664064974,5.23572679099,1.78944774634
"133",133,"E09000007","E09000014",8321,5.27864404456,1.84664064974,5.31200629303,1.89643397349
"134",134,"E09000007","E09000015",612,5.27864404456,1.84664064974,5.14986702776,1.90066843114
"135",135,"E09000007","E09000016",265,5.27864404456,1.84664064974,5.54049030356,1.8739202499
"136",136,"E09000007","E09000017",234,5.27864404456,1.84664064974,5.07889738619,1.83652822092
"137",137,"E09000007","E09000018",806,5.27864404456,1.84664064974,5.13515505536,1.7564322432
"138",138,"E09000007","E09000019",7654,5.27864404456,1.84664064974,5.31128892454,1.84980017254
"139",139,"E09000007","E09000020",1936,5.27864404456,1.84664064974,5.2553651357,1.79622988607
"140",140,"E09000007","E09000021",240,5.27864404456,1.84664064974,5.19297634807,1.6682001149
"141",141,"E09000007","E09000022",5933,5.27864404456,1.84664064974,5.30844721978,1.74356424635
"142",142,"E09000007","E09000023",2902,5.27864404456,1.84664064974,5.37670434744,1.73980732066
"143",143,"E09000007","E09000024",1033,5.27864404456,1.84664064974,5.25476210799,1.69422296196
"144",144,"E09000007","E09000025",1695,5.27864404456,1.84664064974,5.41357509122,1.83013203076
"145",145,"E09000007","E09000026",831,5.27864404456,1.84664064974,5.43914957882,1.8946500933
"146",146,"E09000007","E09000027",749,5.27864404456,1.84664064974,5.17344471233,1.72813842824
"147",147,"E09000007","E09000028",4425,5.27864404456,1.84664064974,5.33820596448,1.76665801586
"148",148,"E09000007","E09000029",108,5.27864404456,1.84664064974,5.26976871363,1.64133903682
"149",149,"E09000007","E09000030",2810,5.27864404456,1.84664064974,5.36398886041,1.8163420964
"150",150,"E09000007","E09000031",2643,5.27864404456,1.84664064974,5.37758137179,1.90223388304
"151",151,"E09000007","E09000032",4220,5.27864404456,1.84664064974,5.26113629998,1.74045077922
"152",152,"E09000007","E09000033",3987,5.27864404456,1.84664064974,5.27686065085,1.81043733482
"153",153,"E09000008","E09000004",10,5.33290153919,1.63541243574,5.48794417061,1.75487156077
"154",154,"E09000008","E09000006",1954,5.33290153919,1.63541243574,5.42895511607,1.6565552134
"155",155,"E09000008","E09000008",29963,5.33290153919,1.63541243574,5.33290153919,1.63541243574
"156",156,"E09000008","E09000011",62,5.33290153919,1.63541243574,5.42908095038,1.76875739958
"157",157,"E09000008","E09000012",7,5.33290153919,1.63541243574,5.34371595161,1.85485638333
"158",158,"E09000008","E09000021",32,5.33290153919,1.63541243574,5.19297634807,1.6682001149
"159",159,"E09000008","E09000022",1181,5.33290153919,1.63541243574,5.30844721978,1.74356424635
"160",160,"E09000008","E09000023",623,5.33290153919,1.63541243574,5.37670434744,1.73980732066
"161",161,"E09000008","E09000024",1234,5.33290153919,1.63541243574,5.25476210799,1.69422296196
"162",162,"E09000008","E09000027",6,5.33290153919,1.63541243574,5.17344471233,1.72813842824
"163",163,"E09000008","E09000028",298,5.33290153919,1.63541243574,5.33820596448,1.76665801586
"164",164,"E09000008","E09000029",3054,5.33290153919,1.63541243574,5.26976871363,1.64133903682
"165",165,"E09000008","E09000031",3,5.33290153919,1.63541243574,5.37758137179,1.90223388304
"166",166,"E09000008","E09000032",245,5.33290153919,1.63541243574,5.26113629998,1.74045077922
"167",167,"E09000008","E09000033",3,5.33290153919,1.63541243574,5.27686065085,1.81043733482
"168",168,"E09000009","E09000003",547,5.1588793777,1.81715495617,5.24027594903,1.92316339761
"169",169,"E09000009","E09000004",4,5.1588793777,1.81715495617,5.48794417061,1.75487156077
"170",170,"E09000009","E09000005",5171,5.1588793777,1.81715495617,5.20177868431,1.85829516116
"171",171,"E09000009","E09000006",16,5.1588793777,1.81715495617,5.42895511607,1.6565552134
"172",172,"E09000009","E09000007",95,5.1588793777,1.81715495617,5.27864404456,1.84664064974
"173",173,"E09000009","E09000008",19,5.1588793777,1.81715495617,5.33290153919,1.63541243574
"174",174,"E09000009","E09000009",19471,5.1588793777,1.81715495617,5.1588793777,1.81715495617
"175",175,"E09000009","E09000010",87,5.1588793777,1.81715495617,5.32423971271,1.96420839194
"176",176,"E09000009","E09000011",10,5.1588793777,1.81715495617,5.42908095038,1.76875739958
"177",177,"E09000009","E09000012",93,5.1588793777,1.81715495617,5.34371595161,1.85485638333
"178",178,"E09000009","E09000013",997,5.1588793777,1.81715495617,5.23572679099,1.78944774634
"179",179,"E09000009","E09000014",44,5.1588793777,1.81715495617,5.31200629303,1.89643397349
"180",180,"E09000009","E09000015",2071,5.1588793777,1.81715495617,5.14986702776,1.90066843114
"181",181,"E09000009","E09000017",4048,5.1588793777,1.81715495617,5.07889738619,1.83652822092
"182",182,"E09000009","E09000018",2839,5.1588793777,1.81715495617,5.13515505536,1.7564322432
"183",183,"E09000009","E09000019",49,5.1588793777,1.81715495617,5.31128892454,1.84980017254
"184",184,"E09000009","E09000020",239,5.1588793777,1.81715495617,5.2553651357,1.79622988607
"185",185,"E09000009","E09000021",34,5.1588793777,1.81715495617,5.19297634807,1.6682001149
"186",186,"E09000009","E09000022",78,5.1588793777,1.81715495617,5.30844721978,1.74356424635
"187",187,"E09000009","E09000023",3,5.1588793777,1.81715495617,5.37670434744,1.73980732066
"188",188,"E09000009","E09000024",20,5.1588793777,1.81715495617,5.25476210799,1.69422296196
"189",189,"E09000009","E09000025",5,5.1588793777,1.81715495617,5.41357509122,1.83013203076
"190",190,"E09000009","E09000026",26,5.1588793777,1.81715495617,5.43914957882,1.8946500933
"191",191,"E09000009","E09000027",242,5.1588793777,1.81715495617,5.17344471233,1.72813842824
"192",192,"E09000009","E09000028",39,5.1588793777,1.81715495617,5.33820596448,1.76665801586
"193",193,"E09000009","E09000029",3,5.1588793777,1.81715495617,5.26976871363,1.64133903682
"194",194,"E09000009","E09000030",6,5.1588793777,1.81715495617,5.36398886041,1.8163420964
"195",195,"E09000009","E09000031",17,5.1588793777,1.81715495617,5.37758137179,1.90223388304
"196",196,"E09000009","E09000032",221,5.1588793777,1.81715495617,5.26113629998,1.74045077922
"197",197,"E09000009","E09000033",424,5.1588793777,1.81715495617,5.27686065085,1.81043733482
"198",198,"E09000010","E09000002",45,5.32423971271,1.96420839194,5.48040122277,1.85087790195
"199",199,"E09000010","E09000003",1101,5.32423971271,1.96420839194,5.24027594903,1.92316339761
"200",200,"E09000010","E09000004",17,5.32423971271,1.96420839194,5.48794417061,1.75487156077
"201",201,"E09000010","E09000005",38,5.32423971271,1.96420839194,5.20177868431,1.85829516116
"202",202,"E09000010","E09000006",7,5.32423971271,1.96420839194,5.42895511607,1.6565552134
"203",203,"E09000010","E09000007",21,5.32423971271,1.96420839194,5.27864404456,1.84664064974
"204",204,"E09000010","E09000009",21,5.32423971271,1.96420839194,5.1588793777,1.81715495617
"205",205,"E09000010","E09000010",20249,5.32423971271,1.96420839194,5.32423971271,1.96420839194
"206",206,"E09000010","E09000011",7,5.32423971271,1.96420839194,5.42908095038,1.76875739958
"207",207,"E09000010","E09000012",163,5.32423971271,1.96420839194,5.34371595161,1.85485638333
"208",208,"E09000010","E09000013",4,5.32423971271,1.96420839194,5.23572679099,1.78944774634
"209",209,"E09000010","E09000014",1786,5.32423971271,1.96420839194,5.31200629303,1.89643397349
"210",210,"E09000010","E09000015",7,5.32423971271,1.96420839194,5.14986702776,1.90066843114
"211",211,"E09000010","E09000016",5,5.32423971271,1.96420839194,5.54049030356,1.8739202499
"212",212,"E09000010","E09000019",121,5.32423971271,1.96420839194,5.31128892454,1.84980017254
"213",213,"E09000010","E09000023",8,5.32423971271,1.96420839194,5.37670434744,1.73980732066
"214",214,"E09000010","E09000024",10,5.32423971271,1.96420839194,5.25476210799,1.69422296196
"215",215,"E09000010","E09000025",130,5.32423971271,1.96420839194,5.41357509122,1.83013203076
"216",216,"E09000010","E09000026",114,5.32423971271,1.96420839194,5.43914957882,1.8946500933
"217",217,"E09000010","E09000028",6,5.32423971271,1.96420839194,5.33820596448,1.76665801586
"218",218,"E09000010","E09000031",945,5.32423971271,1.96420839194,5.37758137179,1.90223388304
"219",219,"E09000010","E09000032",11,5.32423971271,1.96420839194,5.26113629998,1.74045077922
"220",220,"E09000010","E09000033",6,5.32423971271,1.96420839194,5.27686065085,1.81043733482
"221",221,"E09000011","E09000002",15,5.42908095038,1.76875739958,5.48040122277,1.85087790195
"222",222,"E09000011","E09000003",11,5.42908095038,1.76875739958,5.24027594903,1.92316339761
"223",223,"E09000011","E09000004",5716,5.42908095038,1.76875739958,5.48794417061,1.75487156077
"224",224,"E09000011","E09000005",5,5.42908095038,1.76875739958,5.20177868431,1.85829516116
"225",225,"E09000011","E09000006",588,5.42908095038,1.76875739958,5.42895511607,1.6565552134
"226",226,"E09000011","E09000008",21,5.42908095038,1.76875739958,5.33290153919,1.63541243574
"227",227,"E09000011","E09000009",5,5.42908095038,1.76875739958,5.1588793777,1.81715495617
"228",228,"E09000011","E09000010",8,5.42908095038,1.76875739958,5.32423971271,1.96420839194
"229",229,"E09000011","E09000011",12683,5.42908095038,1.76875739958,5.42908095038,1.76875739958
"230",230,"E09000011","E09000012",51,5.42908095038,1.76875739958,5.34371595161,1.85485638333
"231",231,"E09000011","E09000014",21,5.42908095038,1.76875739958,5.31200629303,1.89643397349
"232",232,"E09000011","E09000016",8,5.42908095038,1.76875739958,5.54049030356,1.8739202499
"233",233,"E09000011","E09000022",67,5.42908095038,1.76875739958,5.30844721978,1.74356424635
"234",234,"E09000011","E09000023",2351,5.42908095038,1.76875739958,5.37670434744,1.73980732066
"235",235,"E09000011","E09000025",265,5.42908095038,1.76875739958,5.41357509122,1.83013203076
"236",236,"E09000011","E09000026",18,5.42908095038,1.76875739958,5.43914957882,1.8946500933
"237",237,"E09000011","E09000028",589,5.42908095038,1.76875739958,5.33820596448,1.76665801586
"238",238,"E09000011","E09000030",82,5.42908095038,1.76875739958,5.36398886041,1.8163420964
"239",239,"E09000011","E09000031",29,5.42908095038,1.76875739958,5.37758137179,1.90223388304
"240",240,"E09000011","E09000032",5,5.42908095038,1.76875739958,5.26113629998,1.74045077922
"241",241,"E09000012","E09000001",27,5.34371595161,1.85485638333,5.32479633543,1.81271833312
"242",242,"E09000012","E09000002",372,5.34371595161,1.85485638333,5.48040122277,1.85087790195
"243",243,"E09000012","E09000003",566,5.34371595161,1.85485638333,5.24027594903,1.92316339761
"244",244,"E09000012","E09000004",38,5.34371595161,1.85485638333,5.48794417061,1.75487156077
"245",245,"E09000012","E09000005",233,5.34371595161,1.85485638333,5.20177868431,1.85829516116
"246",246,"E09000012","E09000006",142,5.34371595161,1.85485638333,5.42895511607,1.6565552134
"247",247,"E09000012","E09000007",634,5.34371595161,1.85485638333,5.27864404456,1.84664064974
"248",248,"E09000012","E09000008",97,5.34371595161,1.85485638333,5.33290153919,1.63541243574
"249",249,"E09000012","E09000009",72,5.34371595161,1.85485638333,5.1588793777,1.81715495617
"250",250,"E09000012","E09000010",1136,5.34371595161,1.85485638333,5.32423971271,1.96420839194
"251",251,"E09000012","E09000011",282,5.34371595161,1.85485638333,5.42908095038,1.76875739958
"252",252,"E09000012","E09000012",6209,5.34371595161,1.85485638333,5.34371595161,1.85485638333
"253",253,"E09000012","E09000013",71,5.34371595161,1.85485638333,5.23572679099,1.78944774634
"254",254,"E09000012","E09000014",1973,5.34371595161,1.85485638333,5.31200629303,1.89643397349
"255",255,"E09000012","E09000015",12,5.34371595161,1.85485638333,5.14986702776,1.90066843114
"256",256,"E09000012","E09000016",74,5.34371595161,1.85485638333,5.54049030356,1.8739202499
"257",257,"E09000012","E09000017",11,5.34371595161,1.85485638333,5.07889738619,1.83652822092
"258",258,"E09000012","E09000018",51,5.34371595161,1.85485638333,5.13515505536,1.7564322432
"259",259,"E09000012","E09000019",1586,5.34371595161,1.85485638333,5.31128892454,1.84980017254
"260",260,"E09000012","E09000020",146,5.34371595161,1.85485638333,5.2553651357,1.79622988607
"261",261,"E09000012","E09000022",860,5.34371595161,1.85485638333,5.30844721978,1.74356424635
"262",262,"E09000012","E09000023",575,5.34371595161,1.85485638333,5.37670434744,1.73980732066
"263",263,"E09000012","E09000024",93,5.34371595161,1.85485638333,5.25476210799,1.69422296196
"264",264,"E09000012","E09000025",1406,5.34371595161,1.85485638333,5.41357509122,1.83013203076
"265",265,"E09000012","E09000026",510,5.34371595161,1.85485638333,5.43914957882,1.8946500933
"266",266,"E09000012","E09000027",42,5.34371595161,1.85485638333,5.17344471233,1.72813842824
"267",267,"E09000012","E09000028",973,5.34371595161,1.85485638333,5.33820596448,1.76665801586
"268",268,"E09000012","E09000030",1586,5.34371595161,1.85485638333,5.36398886041,1.8163420964
"269",269,"E09000012","E09000031",2275,5.34371595161,1.85485638333,5.37758137179,1.90223388304
"270",270,"E09000012","E09000032",223,5.34371595161,1.85485638333,5.26113629998,1.74045077922
"271",271,"E09000012","E09000033",456,5.34371595161,1.85485638333,5.27686065085,1.81043733482
"272",272,"E09000013","E09000002",3,5.23572679099,1.78944774634,5.48040122277,1.85087790195
"273",273,"E09000013","E09000003",303,5.23572679099,1.78944774634,5.24027594903,1.92316339761
"274",274,"E09000013","E09000004",18,5.23572679099,1.78944774634,5.48794417061,1.75487156077
"275",275,"E09000013","E09000005",2482,5.23572679099,1.78944774634,5.20177868431,1.85829516116
"276",276,"E09000013","E09000006",78,5.23572679099,1.78944774634,5.42895511607,1.6565552134
"277",277,"E09000013","E09000007",758,5.23572679099,1.78944774634,5.27864404456,1.84664064974
"278",278,"E09000013","E09000008",116,5.23572679099,1.78944774634,5.33290153919,1.63541243574
"279",279,"E09000013","E09000009",5623,5.23572679099,1.78944774634,5.1588793777,1.81715495617
"280",280,"E09000013","E09000010",89,5.23572679099,1.78944774634,5.32423971271,1.96420839194
"281",281,"E09000013","E09000011",66,5.23572679099,1.78944774634,5.42908095038,1.76875739958
"282",282,"E09000013","E09000012",374,5.23572679099,1.78944774634,5.34371595161,1.85485638333
"283",283,"E09000013","E09000013",5202,5.23572679099,1.78944774634,5.23572679099,1.78944774634
"284",284,"E09000013","E09000014",107,5.23572679099,1.78944774634,5.31200629303,1.89643397349
"285",285,"E09000013","E09000015",445,5.23572679099,1.78944774634,5.14986702776,1.90066843114
"286",286,"E09000013","E09000017",940,5.23572679099,1.78944774634,5.07889738619,1.83652822092
"287",287,"E09000013","E09000018",2985,5.23572679099,1.78944774634,5.13515505536,1.7564322432
"288",288,"E09000013","E09000019",409,5.23572679099,1.78944774634,5.31128892454,1.84980017254
"289",289,"E09000013","E09000020",1637,5.23572679099,1.78944774634,5.2553651357,1.79622988607
"290",290,"E09000013","E09000021",474,5.23572679099,1.78944774634,5.19297634807,1.6682001149
"291",291,"E09000013","E09000022",1268,5.23572679099,1.78944774634,5.30844721978,1.74356424635
"292",292,"E09000013","E09000023",218,5.23572679099,1.78944774634,5.37670434744,1.73980732066
"293",293,"E09000013","E09000024",699,5.23572679099,1.78944774634,5.25476210799,1.69422296196
"294",294,"E09000013","E09000025",98,5.23572679099,1.78944774634,5.41357509122,1.83013203076
"295",295,"E09000013","E09000026",29,5.23572679099,1.78944774634,5.43914957882,1.8946500933
"296",296,"E09000013","E09000027",1475,5.23572679099,1.78944774634,5.17344471233,1.72813842824
"297",297,"E09000013","E09000028",617,5.23572679099,1.78944774634,5.33820596448,1.76665801586
"298",298,"E09000013","E09000029",139,5.23572679099,1.78944774634,5.26976871363,1.64133903682
"299",299,"E09000013","E09000030",73,5.23572679099,1.78944774634,5.36398886041,1.8163420964
"300",300,"E09000013","E09000031",80,5.23572679099,1.78944774634,5.37758137179,1.90223388304
"301",301,"E09000013","E09000032",3844,5.23572679099,1.78944774634,5.26113629998,1.74045077922
"302",302,"E09000013","E09000033",1364,5.23572679099,1.78944774634,5.27686065085,1.81043733482
"303",303,"E09000014","E09000002",46,5.31200629303,1.89643397349,5.48040122277,1.85087790195
"304",304,"E09000014","E09000003",980,5.31200629303,1.89643397349,5.24027594903,1.92316339761
"305",305,"E09000014","E09000005",65,5.31200629303,1.89643397349,5.20177868431,1.85829516116
"306",306,"E09000014","E09000006",9,5.31200629303,1.89643397349,5.42895511607,1.6565552134
"307",307,"E09000014","E09000007",103,5.31200629303,1.89643397349,5.27864404456,1.84664064974
"308",308,"E09000014","E09000008",23,5.31200629303,1.89643397349,5.33290153919,1.63541243574
"309",309,"E09000014","E09000009",3,5.31200629303,1.89643397349,5.1588793777,1.81715495617
"310",310,"E09000014","E09000010",4835,5.31200629303,1.89643397349,5.32423971271,1.96420839194
"311",311,"E09000014","E09000011",8,5.31200629303,1.89643397349,5.42908095038,1.76875739958
"312",312,"E09000014","E09000012",615,5.31200629303,1.89643397349,5.34371595161,1.85485638333
"313",313,"E09000014","E09000014",6227,5.31200629303,1.89643397349,5.31200629303,1.89643397349
"314",314,"E09000014","E09000015",20,5.31200629303,1.89643397349,5.14986702776,1.90066843114
"315",315,"E09000014","E09000017",4,5.31200629303,1.89643397349,5.07889738619,1.83652822092
"316",316,"E09000014","E09000019",526,5.31200629303,1.89643397349,5.31128892454,1.84980017254
"317",317,"E09000014","E09000020",3,5.31200629303,1.89643397349,5.2553651357,1.79622988607
"318",318,"E09000014","E09000022",3,5.31200629303,1.89643397349,5.30844721978,1.74356424635
"319",319,"E09000014","E09000023",10,5.31200629303,1.89643397349,5.37670434744,1.73980732066
"320",320,"E09000014","E09000024",4,5.31200629303,1.89643397349,5.25476210799,1.69422296196
"321",321,"E09000014","E09000025",103,5.31200629303,1.89643397349,5.41357509122,1.83013203076
"322",322,"E09000014","E09000026",60,5.31200629303,1.89643397349,5.43914957882,1.8946500933
"323",323,"E09000014","E09000027",3,5.31200629303,1.89643397349,5.17344471233,1.72813842824
"324",324,"E09000014","E09000028",3,5.31200629303,1.89643397349,5.33820596448,1.76665801586
"325",325,"E09000014","E09000030",9,5.31200629303,1.89643397349,5.36398886041,1.8163420964
"326",326,"E09000014","E09000031",1140,5.31200629303,1.89643397349,5.37758137179,1.90223388304
"327",327,"E09000014","E09000033",17,5.31200629303,1.89643397349,5.27686065085,1.81043733482
"328",328,"E09000015","E09000002",5,5.14986702776,1.90066843114,5.48040122277,1.85087790195
"329",329,"E09000015","E09000003",718,5.14986702776,1.90066843114,5.24027594903,1.92316339761
"330",330,"E09000015","E09000005",3086,5.14986702776,1.90066843114,5.20177868431,1.85829516116
"331",331,"E09000015","E09000007",19,5.14986702776,1.90066843114,5.27864404456,1.84664064974
"332",332,"E09000015","E09000009",813,5.14986702776,1.90066843114,5.1588793777,1.81715495617
"333",333,"E09000015","E09000010",10,5.14986702776,1.90066843114,5.32423971271,1.96420839194
"334",334,"E09000015","E09000012",3,5.14986702776,1.90066843114,5.34371595161,1.85485638333
"335",335,"E09000015","E09000013",8,5.14986702776,1.90066843114,5.23572679099,1.78944774634
"336",336,"E09000015","E09000014",20,5.14986702776,1.90066843114,5.31200629303,1.89643397349
"337",337,"E09000015","E09000015",10806,5.14986702776,1.90066843114,5.14986702776,1.90066843114
"338",338,"E09000015","E09000017",1527,5.14986702776,1.90066843114,5.07889738619,1.83652822092
"339",339,"E09000015","E09000018",35,5.14986702776,1.90066843114,5.13515505536,1.7564322432
"340",340,"E09000015","E09000019",3,5.14986702776,1.90066843114,5.31128892454,1.84980017254
"341",341,"E09000015","E09000023",3,5.14986702776,1.90066843114,5.37670434744,1.73980732066
"342",342,"E09000015","E09000028",4,5.14986702776,1.90066843114,5.33820596448,1.76665801586
"343",343,"E09000015","E09000033",3,5.14986702776,1.90066843114,5.27686065085,1.81043733482
"344",344,"E09000016","E09000002",4269,5.54049030356,1.8739202499,5.48040122277,1.85087790195
"345",345,"E09000016","E09000004",17,5.54049030356,1.8739202499,5.48794417061,1.75487156077
"346",346,"E09000016","E09000010",9,5.54049030356,1.8739202499,5.32423971271,1.96420839194
"347",347,"E09000016","E09000016",18201,5.54049030356,1.8739202499,5.54049030356,1.8739202499
"348",348,"E09000016","E09000019",3,5.54049030356,1.8739202499,5.31128892454,1.84980017254
"349",349,"E09000016","E09000025",540,5.54049030356,1.8739202499,5.41357509122,1.83013203076
"350",350,"E09000016","E09000026",2196,5.54049030356,1.8739202499,5.43914957882,1.8946500933
"351",351,"E09000016","E09000030",3,5.54049030356,1.8739202499,5.36398886041,1.8163420964
"352",352,"E09000016","E09000031",109,5.54049030356,1.8739202499,5.37758137179,1.90223388304
"353",353,"E09000016","E09000033",3,5.54049030356,1.8739202499,5.27686065085,1.81043733482
"354",354,"E09000017","E09000003",56,5.07889738619,1.83652822092,5.24027594903,1.92316339761
"355",355,"E09000017","E09000005",717,5.07889738619,1.83652822092,5.20177868431,1.85829516116
"356",356,"E09000017","E09000006",8,5.07889738619,1.83652822092,5.42895511607,1.6565552134
"357",357,"E09000017","E09000007",19,5.07889738619,1.83652822092,5.27864404456,1.84664064974
"358",358,"E09000017","E09000008",67,5.07889738619,1.83652822092,5.33290153919,1.63541243574
"359",359,"E09000017","E09000009",7362,5.07889738619,1.83652822092,5.1588793777,1.81715495617
"360",360,"E09000017","E09000012",16,5.07889738619,1.83652822092,5.34371595161,1.85485638333
"361",361,"E09000017","E09000013",198,5.07889738619,1.83652822092,5.23572679099,1.78944774634
"362",362,"E09000017","E09000014",4,5.07889738619,1.83652822092,5.31200629303,1.89643397349
"363",363,"E09000017","E09000015",2850,5.07889738619,1.83652822092,5.14986702776,1.90066843114
"364",364,"E09000017","E09000017",27492,5.07889738619,1.83652822092,5.07889738619,1.83652822092
"365",365,"E09000017","E09000018",9368,5.07889738619,1.83652822092,5.13515505536,1.7564322432
"366",366,"E09000017","E09000019",10,5.07889738619,1.83652822092,5.31128892454,1.84980017254
"367",367,"E09000017","E09000020",30,5.07889738619,1.83652822092,5.2553651357,1.79622988607
"368",368,"E09000017","E09000021",232,5.07889738619,1.83652822092,5.19297634807,1.6682001149
"369",369,"E09000017","E09000022",64,5.07889738619,1.83652822092,5.30844721978,1.74356424635
"370",370,"E09000017","E09000023",8,5.07889738619,1.83652822092,5.37670434744,1.73980732066
"371",371,"E09000017","E09000024",70,5.07889738619,1.83652822092,5.25476210799,1.69422296196
"372",372,"E09000017","E09000025",4,5.07889738619,1.83652822092,5.41357509122,1.83013203076
"373",373,"E09000017","E09000026",5,5.07889738619,1.83652822092,5.43914957882,1.8946500933
"374",374,"E09000017","E09000027",1008,5.07889738619,1.83652822092,5.17344471233,1.72813842824
"375",375,"E09000017","E09000028",19,5.07889738619,1.83652822092,5.33820596448,1.76665801586
"376",376,"E09000017","E09000029",43,5.07889738619,1.83652822092,5.26976871363,1.64133903682
"377",377,"E09000017","E09000030",5,5.07889738619,1.83652822092,5.36398886041,1.8163420964
"378",378,"E09000017","E09000032",164,5.07889738619,1.83652822092,5.26113629998,1.74045077922
"379",379,"E09000017","E09000033",71,5.07889738619,1.83652822092,5.27686065085,1.81043733482
"380",380,"E09000018","E09000003",28,5.13515505536,1.7564322432,5.24027594903,1.92316339761
"381",381,"E09000018","E09000004",4,5.13515505536,1.7564322432,5.48794417061,1.75487156077
"382",382,"E09000018","E09000005",367,5.13515505536,1.7564322432,5.20177868431,1.85829516116
"383",383,"E09000018","E09000006",3,5.13515505536,1.7564322432,5.42895511607,1.6565552134
"384",384,"E09000018","E09000007",41,5.13515505536,1.7564322432,5.27864404456,1.84664064974
"385",385,"E09000018","E09000008",23,5.13515505536,1.7564322432,5.33290153919,1.63541243574
"386",386,"E09000018","E09000009",5371,5.13515505536,1.7564322432,5.1588793777,1.81715495617
"387",387,"E09000018","E09000010",3,5.13515505536,1.7564322432,5.32423971271,1.96420839194
"388",388,"E09000018","E09000011",9,5.13515505536,1.7564322432,5.42908095038,1.76875739958
"389",389,"E09000018","E09000012",12,5.13515505536,1.7564322432,5.34371595161,1.85485638333
"390",390,"E09000018","E09000013",1221,5.13515505536,1.7564322432,5.23572679099,1.78944774634
"391",391,"E09000018","E09000014",10,5.13515505536,1.7564322432,5.31200629303,1.89643397349
"392",392,"E09000018","E09000015",175,5.13515505536,1.7564322432,5.14986702776,1.90066843114
"393",393,"E09000018","E09000017",1779,5.13515505536,1.7564322432,5.07889738619,1.83652822092
"394",394,"E09000018","E09000018",18348,5.13515505536,1.7564322432,5.13515505536,1.7564322432
"395",395,"E09000018","E09000019",36,5.13515505536,1.7564322432,5.31128892454,1.84980017254
"396",396,"E09000018","E09000020",208,5.13515505536,1.7564322432,5.2553651357,1.79622988607
"397",397,"E09000018","E09000021",278,5.13515505536,1.7564322432,5.19297634807,1.6682001149
"398",398,"E09000018","E09000022",75,5.13515505536,1.7564322432,5.30844721978,1.74356424635
"399",399,"E09000018","E09000023",6,5.13515505536,1.7564322432,5.37670434744,1.73980732066
"400",400,"E09000018","E09000024",34,5.13515505536,1.7564322432,5.25476210799,1.69422296196
"401",401,"E09000018","E09000025",27,5.13515505536,1.7564322432,5.41357509122,1.83013203076
"402",402,"E09000018","E09000027",3096,5.13515505536,1.7564322432,5.17344471233,1.72813842824
"403",403,"E09000018","E09000028",54,5.13515505536,1.7564322432,5.33820596448,1.76665801586
"404",404,"E09000018","E09000029",13,5.13515505536,1.7564322432,5.26976871363,1.64133903682
"405",405,"E09000018","E09000032",398,5.13515505536,1.7564322432,5.26113629998,1.74045077922
"406",406,"E09000018","E09000033",153,5.13515505536,1.7564322432,5.27686065085,1.81043733482
"407",407,"E09000019","E09000001",20,5.31128892454,1.84980017254,5.32479633543,1.81271833312
"408",408,"E09000019","E09000002",248,5.31128892454,1.84980017254,5.48040122277,1.85087790195
"409",409,"E09000019","E09000003",2813,5.31128892454,1.84980017254,5.24027594903,1.92316339761
"410",410,"E09000019","E09000004",207,5.31128892454,1.84980017254,5.48794417061,1.75487156077
"411",411,"E09000019","E09000005",1267,5.31128892454,1.84980017254,5.20177868431,1.85829516116
"412",412,"E09000019","E09000006",219,5.31128892454,1.84980017254,5.42895511607,1.6565552134
"413",413,"E09000019","E09000007",2509,5.31128892454,1.84980017254,5.27864404456,1.84664064974
"414",414,"E09000019","E09000008",501,5.31128892454,1.84980017254,5.33290153919,1.63541243574
"415",415,"E09000019","E09000009",518,5.31128892454,1.84980017254,5.1588793777,1.81715495617
"416",416,"E09000019","E09000010",2797,5.31128892454,1.84980017254,5.32423971271,1.96420839194
"417",417,"E09000019","E09000011",788,5.31128892454,1.84980017254,5.42908095038,1.76875739958
"418",418,"E09000019","E09000012",4124,5.31128892454,1.84980017254,5.34371595161,1.85485638333
"419",419,"E09000019","E09000013",424,5.31128892454,1.84980017254,5.23572679099,1.78944774634
"420",420,"E09000019","E09000014",5679,5.31128892454,1.84980017254,5.31200629303,1.89643397349
"421",421,"E09000019","E09000015",108,5.31128892454,1.84980017254,5.14986702776,1.90066843114
"422",422,"E09000019","E09000016",57,5.31128892454,1.84980017254,5.54049030356,1.8739202499
"423",423,"E09000019","E09000017",77,5.31128892454,1.84980017254,5.07889738619,1.83652822092
"424",424,"E09000019","E09000018",190,5.31128892454,1.84980017254,5.13515505536,1.7564322432
"425",425,"E09000019","E09000019",6695,5.31128892454,1.84980017254,5.31128892454,1.84980017254
"426",426,"E09000019","E09000020",494,5.31128892454,1.84980017254,5.2553651357,1.79622988607
"427",427,"E09000019","E09000021",43,5.31128892454,1.84980017254,5.19297634807,1.6682001149
"428",428,"E09000019","E09000022",2422,5.31128892454,1.84980017254,5.30844721978,1.74356424635
"429",429,"E09000019","E09000023",1097,5.31128892454,1.84980017254,5.37670434744,1.73980732066
"430",430,"E09000019","E09000024",349,5.31128892454,1.84980017254,5.25476210799,1.69422296196
"431",431,"E09000019","E09000025",913,5.31128892454,1.84980017254,5.41357509122,1.83013203076
"432",432,"E09000019","E09000026",679,5.31128892454,1.84980017254,5.43914957882,1.8946500933
"433",433,"E09000019","E09000027",202,5.31128892454,1.84980017254,5.17344471233,1.72813842824
"434",434,"E09000019","E09000028",2480,5.31128892454,1.84980017254,5.33820596448,1.76665801586
"435",435,"E09000019","E09000029",46,5.31128892454,1.84980017254,5.26976871363,1.64133903682
"436",436,"E09000019","E09000030",2018,5.31128892454,1.84980017254,5.36398886041,1.8163420964
"437",437,"E09000019","E09000031",2245,5.31128892454,1.84980017254,5.37758137179,1.90223388304
"438",438,"E09000019","E09000032",1317,5.31128892454,1.84980017254,5.26113629998,1.74045077922
"439",439,"E09000019","E09000033",1349,5.31128892454,1.84980017254,5.27686065085,1.81043733482
"440",440,"E09000020","E09000001",12,5.2553651357,1.79622988607,5.32479633543,1.81271833312
"441",441,"E09000020","E09000002",5,5.2553651357,1.79622988607,5.48040122277,1.85087790195
"442",442,"E09000020","E09000003",448,5.2553651357,1.79622988607,5.24027594903,1.92316339761
"443",443,"E09000020","E09000004",3,5.2553651357,1.79622988607,5.48794417061,1.75487156077
"444",444,"E09000020","E09000005",1821,5.2553651357,1.79622988607,5.20177868431,1.85829516116
"445",445,"E09000020","E09000006",40,5.2553651357,1.79622988607,5.42895511607,1.6565552134
"446",446,"E09000020","E09000007",686,5.2553651357,1.79622988607,5.27864404456,1.84664064974
"447",447,"E09000020","E09000008",251,5.2553651357,1.79622988607,5.33290153919,1.63541243574
"448",448,"E09000020","E09000009",1464,5.2553651357,1.79622988607,5.1588793777,1.81715495617
"449",449,"E09000020","E09000010",38,5.2553651357,1.79622988607,5.32423971271,1.96420839194
"450",450,"E09000020","E09000011",115,5.2553651357,1.79622988607,5.42908095038,1.76875739958
"451",451,"E09000020","E09000012",271,5.2553651357,1.79622988607,5.34371595161,1.85485638333
"452",452,"E09000020","E09000013",3792,5.2553651357,1.79622988607,5.23572679099,1.78944774634
"453",453,"E09000020","E09000014",199,5.2553651357,1.79622988607,5.31200629303,1.89643397349
"454",454,"E09000020","E09000015",82,5.2553651357,1.79622988607,5.14986702776,1.90066843114
"455",455,"E09000020","E09000017",62,5.2553651357,1.79622988607,5.07889738619,1.83652822092
"456",456,"E09000020","E09000018",835,5.2553651357,1.79622988607,5.13515505536,1.7564322432
"457",457,"E09000020","E09000019",263,5.2553651357,1.79622988607,5.31128892454,1.84980017254
"458",458,"E09000020","E09000020",3850,5.2553651357,1.79622988607,5.2553651357,1.79622988607
"459",459,"E09000020","E09000021",143,5.2553651357,1.79622988607,5.19297634807,1.6682001149
"460",460,"E09000020","E09000022",2070,5.2553651357,1.79622988607,5.30844721978,1.74356424635
"461",461,"E09000020","E09000023",256,5.2553651357,1.79622988607,5.37670434744,1.73980732066
"462",462,"E09000020","E09000024",545,5.2553651357,1.79622988607,5.25476210799,1.69422296196
"463",463,"E09000020","E09000025",77,5.2553651357,1.79622988607,5.41357509122,1.83013203076
"464",464,"E09000020","E09000026",30,5.2553651357,1.79622988607,5.43914957882,1.8946500933
"465",465,"E09000020","E09000027",546,5.2553651357,1.79622988607,5.17344471233,1.72813842824
"466",466,"E09000020","E09000028",792,5.2553651357,1.79622988607,5.33820596448,1.76665801586
"467",467,"E09000020","E09000029",110,5.2553651357,1.79622988607,5.26976871363,1.64133903682
"468",468,"E09000020","E09000030",137,5.2553651357,1.79622988607,5.36398886041,1.8163420964
"469",469,"E09000020","E09000031",65,5.2553651357,1.79622988607,5.37758137179,1.90223388304
"470",470,"E09000020","E09000032",3838,5.2553651357,1.79622988607,5.26113629998,1.74045077922
"471",471,"E09000020","E09000033",2033,5.2553651357,1.79622988607,5.27686065085,1.81043733482
"472",472,"E09000021","E09000003",3,5.19297634807,1.6682001149,5.24027594903,1.92316339761
"473",473,"E09000021","E09000005",4,5.19297634807,1.6682001149,5.20177868431,1.85829516116
"474",474,"E09000021","E09000008",217,5.19297634807,1.6682001149,5.33290153919,1.63541243574
"475",475,"E09000021","E09000009",66,5.19297634807,1.6682001149,5.1588793777,1.81715495617
"476",476,"E09000021","E09000011",5,5.19297634807,1.6682001149,5.42908095038,1.76875739958
"477",477,"E09000021","E09000012",3,5.19297634807,1.6682001149,5.34371595161,1.85485638333
"478",478,"E09000021","E09000013",43,5.19297634807,1.6682001149,5.23572679099,1.78944774634
"479",479,"E09000021","E09000017",21,5.19297634807,1.6682001149,5.07889738619,1.83652822092
"480",480,"E09000021","E09000018",679,5.19297634807,1.6682001149,5.13515505536,1.7564322432
"481",481,"E09000021","E09000021",8759,5.19297634807,1.6682001149,5.19297634807,1.6682001149
"482",482,"E09000021","E09000022",170,5.19297634807,1.6682001149,5.30844721978,1.74356424635
"483",483,"E09000021","E09000024",2026,5.19297634807,1.6682001149,5.25476210799,1.69422296196
"484",484,"E09000021","E09000027",1770,5.19297634807,1.6682001149,5.17344471233,1.72813842824
"485",485,"E09000021","E09000028",29,5.19297634807,1.6682001149,5.33820596448,1.76665801586
"486",486,"E09000021","E09000029",1792,5.19297634807,1.6682001149,5.26976871363,1.64133903682
"487",487,"E09000021","E09000032",836,5.19297634807,1.6682001149,5.26113629998,1.74045077922
"488",488,"E09000022","E09000001",16,5.30844721978,1.74356424635,5.32479633543,1.81271833312
"489",489,"E09000022","E09000002",67,5.30844721978,1.74356424635,5.48040122277,1.85087790195
"490",490,"E09000022","E09000003",168,5.30844721978,1.74356424635,5.24027594903,1.92316339761
"491",491,"E09000022","E09000004",548,5.30844721978,1.74356424635,5.48794417061,1.75487156077
"492",492,"E09000022","E09000005",304,5.30844721978,1.74356424635,5.20177868431,1.85829516116
"493",493,"E09000022","E09000006",1302,5.30844721978,1.74356424635,5.42895511607,1.6565552134
"494",494,"E09000022","E09000007",444,5.30844721978,1.74356424635,5.27864404456,1.84664064974
"495",495,"E09000022","E09000008",3786,5.30844721978,1.74356424635,5.33290153919,1.63541243574
"496",496,"E09000022","E09000009",148,5.30844721978,1.74356424635,5.1588793777,1.81715495617
"497",497,"E09000022","E09000010",148,5.30844721978,1.74356424635,5.32423971271,1.96420839194
"498",498,"E09000022","E09000011",1497,5.30844721978,1.74356424635,5.42908095038,1.76875739958
"499",499,"E09000022","E09000012",671,5.30844721978,1.74356424635,5.34371595161,1.85485638333
"500",500,"E09000022","E09000013",391,5.30844721978,1.74356424635,5.23572679099,1.78944774634
"501",501,"E09000022","E09000014",359,5.30844721978,1.74356424635,5.31200629303,1.89643397349
"502",502,"E09000022","E09000015",9,5.30844721978,1.74356424635,5.14986702776,1.90066843114
"503",503,"E09000022","E09000016",17,5.30844721978,1.74356424635,5.54049030356,1.8739202499
"504",504,"E09000022","E09000017",23,5.30844721978,1.74356424635,5.07889738619,1.83652822092
"505",505,"E09000022","E09000018",201,5.30844721978,1.74356424635,5.13515505536,1.7564322432
"506",506,"E09000022","E09000019",656,5.30844721978,1.74356424635,5.31128892454,1.84980017254
"507",507,"E09000022","E09000020",334,5.30844721978,1.74356424635,5.2553651357,1.79622988607
"508",508,"E09000022","E09000021",92,5.30844721978,1.74356424635,5.19297634807,1.6682001149
"509",509,"E09000022","E09000022",9529,5.30844721978,1.74356424635,5.30844721978,1.74356424635
"510",510,"E09000022","E09000023",3791,5.30844721978,1.74356424635,5.37670434744,1.73980732066
"511",511,"E09000022","E09000024",1138,5.30844721978,1.74356424635,5.25476210799,1.69422296196
"512",512,"E09000022","E09000025",403,5.30844721978,1.74356424635,5.41357509122,1.83013203076
"513",513,"E09000022","E09000026",133,5.30844721978,1.74356424635,5.43914957882,1.8946500933
"514",514,"E09000022","E09000027",232,5.30844721978,1.74356424635,5.17344471233,1.72813842824
"515",515,"E09000022","E09000028",5133,5.30844721978,1.74356424635,5.33820596448,1.76665801586
"516",516,"E09000022","E09000029",257,5.30844721978,1.74356424635,5.26976871363,1.64133903682
"517",517,"E09000022","E09000030",450,5.30844721978,1.74356424635,5.36398886041,1.8163420964
"518",518,"E09000022","E09000031",406,5.30844721978,1.74356424635,5.37758137179,1.90223388304
"519",519,"E09000022","E09000032",3099,5.30844721978,1.74356424635,5.26113629998,1.74045077922
"520",520,"E09000022","E09000033",577,5.30844721978,1.74356424635,5.27686065085,1.81043733482
"521",521,"E09000023","E09000002",9,5.37670434744,1.73980732066,5.48040122277,1.85087790195
"522",522,"E09000023","E09000004",1075,5.37670434744,1.73980732066,5.48794417061,1.75487156077
"523",523,"E09000023","E09000006",1846,5.37670434744,1.73980732066,5.42895511607,1.6565552134
"524",524,"E09000023","E09000008",270,5.37670434744,1.73980732066,5.33290153919,1.63541243574
"525",525,"E09000023","E09000011",2706,5.37670434744,1.73980732066,5.42908095038,1.76875739958
"526",526,"E09000023","E09000012",22,5.37670434744,1.73980732066,5.34371595161,1.85485638333
"527",527,"E09000023","E09000015",3,5.37670434744,1.73980732066,5.14986702776,1.90066843114
"528",528,"E09000023","E09000020",5,5.37670434744,1.73980732066,5.2553651357,1.79622988607
"529",529,"E09000023","E09000022",339,5.37670434744,1.73980732066,5.30844721978,1.74356424635
"530",530,"E09000023","E09000023",9358,5.37670434744,1.73980732066,5.37670434744,1.73980732066
"531",531,"E09000023","E09000024",56,5.37670434744,1.73980732066,5.25476210799,1.69422296196
"532",532,"E09000023","E09000025",23,5.37670434744,1.73980732066,5.41357509122,1.83013203076
"533",533,"E09000023","E09000026",10,5.37670434744,1.73980732066,5.43914957882,1.8946500933
"534",534,"E09000023","E09000028",935,5.37670434744,1.73980732066,5.33820596448,1.76665801586
"535",535,"E09000023","E09000029",19,5.37670434744,1.73980732066,5.26976871363,1.64133903682
"536",536,"E09000023","E09000030",7,5.37670434744,1.73980732066,5.36398886041,1.8163420964
"537",537,"E09000023","E09000032",27,5.37670434744,1.73980732066,5.26113629998,1.74045077922
"538",538,"E09000024","E09000005",9,5.25476210799,1.69422296196,5.20177868431,1.85829516116
"539",539,"E09000024","E09000006",50,5.25476210799,1.69422296196,5.42895511607,1.6565552134
"540",540,"E09000024","E09000008",1529,5.25476210799,1.69422296196,5.33290153919,1.63541243574
"541",541,"E09000024","E09000009",22,5.25476210799,1.69422296196,5.1588793777,1.81715495617
"542",542,"E09000024","E09000011",12,5.25476210799,1.69422296196,5.42908095038,1.76875739958
"543",543,"E09000024","E09000012",7,5.25476210799,1.69422296196,5.34371595161,1.85485638333
"544",544,"E09000024","E09000013",78,5.25476210799,1.69422296196,5.23572679099,1.78944774634
"545",545,"E09000024","E09000018",20,5.25476210799,1.69422296196,5.13515505536,1.7564322432
"546",546,"E09000024","E09000020",7,5.25476210799,1.69422296196,5.2553651357,1.79622988607
"547",547,"E09000024","E09000021",1505,5.25476210799,1.69422296196,5.19297634807,1.6682001149
"548",548,"E09000024","E09000022",670,5.25476210799,1.69422296196,5.30844721978,1.74356424635
"549",549,"E09000024","E09000023",48,5.25476210799,1.69422296196,5.37670434744,1.73980732066
"550",550,"E09000024","E09000024",8948,5.25476210799,1.69422296196,5.25476210799,1.69422296196
"551",551,"E09000024","E09000027",127,5.25476210799,1.69422296196,5.17344471233,1.72813842824
"552",552,"E09000024","E09000028",80,5.25476210799,1.69422296196,5.33820596448,1.76665801586
"553",553,"E09000024","E09000029",3626,5.25476210799,1.69422296196,5.26976871363,1.64133903682
"554",554,"E09000024","E09000031",7,5.25476210799,1.69422296196,5.37758137179,1.90223388304
"555",555,"E09000024","E09000032",2472,5.25476210799,1.69422296196,5.26113629998,1.74045077922
"556",556,"E09000024","E09000033",3,5.25476210799,1.69422296196,5.27686065085,1.81043733482
"557",557,"E09000025","E09000002",2948,5.41357509122,1.83013203076,5.48040122277,1.85087790195
"558",558,"E09000025","E09000003",34,5.41357509122,1.83013203076,5.24027594903,1.92316339761
"559",559,"E09000025","E09000004",133,5.41357509122,1.83013203076,5.48794417061,1.75487156077
"560",560,"E09000025","E09000005",4,5.41357509122,1.83013203076,5.20177868431,1.85829516116
"561",561,"E09000025","E09000006",20,5.41357509122,1.83013203076,5.42895511607,1.6565552134
"562",562,"E09000025","E09000007",4,5.41357509122,1.83013203076,5.27864404456,1.84664064974
"563",563,"E09000025","E09000008",3,5.41357509122,1.83013203076,5.33290153919,1.63541243574
"564",564,"E09000025","E09000009",4,5.41357509122,1.83013203076,5.1588793777,1.81715495617
"565",565,"E09000025","E09000010",88,5.41357509122,1.83013203076,5.32423971271,1.96420839194
"566",566,"E09000025","E09000011",477,5.41357509122,1.83013203076,5.42908095038,1.76875739958
"567",567,"E09000025","E09000012",482,5.41357509122,1.83013203076,5.34371595161,1.85485638333
"568",568,"E09000025","E09000013",12,5.41357509122,1.83013203076,5.23572679099,1.78944774634
"569",569,"E09000025","E09000014",52,5.41357509122,1.83013203076,5.31200629303,1.89643397349
"570",570,"E09000025","E09000016",638,5.41357509122,1.83013203076,5.54049030356,1.8739202499
"571",571,"E09000025","E09000017",12,5.41357509122,1.83013203076,5.07889738619,1.83652822092
"572",572,"E09000025","E09000018",4,5.41357509122,1.83013203076,5.13515505536,1.7564322432
"573",573,"E09000025","E09000019",32,5.41357509122,1.83013203076,5.31128892454,1.84980017254
"574",574,"E09000025","E09000020",5,5.41357509122,1.83013203076,5.2553651357,1.79622988607
"575",575,"E09000025","E09000022",33,5.41357509122,1.83013203076,5.30844721978,1.74356424635
"576",576,"E09000025","E09000023",125,5.41357509122,1.83013203076,5.37670434744,1.73980732066
"577",577,"E09000025","E09000024",14,5.41357509122,1.83013203076,5.25476210799,1.69422296196
"578",578,"E09000025","E09000025",14521,5.41357509122,1.83013203076,5.41357509122,1.83013203076
"579",579,"E09000025","E09000026",3615,5.41357509122,1.83013203076,5.43914957882,1.8946500933
"580",580,"E09000025","E09000027",3,5.41357509122,1.83013203076,5.17344471233,1.72813842824
"581",581,"E09000025","E09000028",124,5.41357509122,1.83013203076,5.33820596448,1.76665801586
"582",582,"E09000025","E09000030",1018,5.41357509122,1.83013203076,5.36398886041,1.8163420964
"583",583,"E09000025","E09000031",1994,5.41357509122,1.83013203076,5.37758137179,1.90223388304
"584",584,"E09000025","E09000032",7,5.41357509122,1.83013203076,5.26113629998,1.74045077922
"585",585,"E09000026","E09000002",3040,5.43914957882,1.8946500933,5.48040122277,1.85087790195
"586",586,"E09000026","E09000010",16,5.43914957882,1.8946500933,5.32423971271,1.96420839194
"587",587,"E09000026","E09000011",7,5.43914957882,1.8946500933,5.42908095038,1.76875739958
"588",588,"E09000026","E09000012",24,5.43914957882,1.8946500933,5.34371595161,1.85485638333
"589",589,"E09000026","E09000014",12,5.43914957882,1.8946500933,5.31200629303,1.89643397349
"590",590,"E09000026","E09000015",4,5.43914957882,1.8946500933,5.14986702776,1.90066843114
"591",591,"E09000026","E09000016",1617,5.43914957882,1.8946500933,5.54049030356,1.8739202499
"592",592,"E09000026","E09000017",8,5.43914957882,1.8946500933,5.07889738619,1.83652822092
"593",593,"E09000026","E09000019",3,5.43914957882,1.8946500933,5.31128892454,1.84980017254
"594",594,"E09000026","E09000023",7,5.43914957882,1.8946500933,5.37670434744,1.73980732066
"595",595,"E09000026","E09000025",1421,5.43914957882,1.8946500933,5.41357509122,1.83013203076
"596",596,"E09000026","E09000026",12775,5.43914957882,1.8946500933,5.43914957882,1.8946500933
"597",597,"E09000026","E09000028",4,5.43914957882,1.8946500933,5.33820596448,1.76665801586
"598",598,"E09000026","E09000030",44,5.43914957882,1.8946500933,5.36398886041,1.8163420964
"599",599,"E09000026","E09000031",1349,5.43914957882,1.8946500933,5.37758137179,1.90223388304
"600",600,"E09000027","E09000003",21,5.17344471233,1.72813842824,5.24027594903,1.92316339761
"601",601,"E09000027","E09000005",23,5.17344471233,1.72813842824,5.20177868431,1.85829516116
"602",602,"E09000027","E09000006",3,5.17344471233,1.72813842824,5.42895511607,1.6565552134
"603",603,"E09000027","E09000007",4,5.17344471233,1.72813842824,5.27864404456,1.84664064974
"604",604,"E09000027","E09000008",20,5.17344471233,1.72813842824,5.33290153919,1.63541243574
"605",605,"E09000027","E09000009",601,5.17344471233,1.72813842824,5.1588793777,1.81715495617
"606",606,"E09000027","E09000010",3,5.17344471233,1.72813842824,5.32423971271,1.96420839194
"607",607,"E09000027","E09000013",241,5.17344471233,1.72813842824,5.23572679099,1.78944774634
"608",608,"E09000027","E09000015",16,5.17344471233,1.72813842824,5.14986702776,1.90066843114
"609",609,"E09000027","E09000017",50,5.17344471233,1.72813842824,5.07889738619,1.83652822092
"610",610,"E09000027","E09000018",3728,5.17344471233,1.72813842824,5.13515505536,1.7564322432
"611",611,"E09000027","E09000020",3,5.17344471233,1.72813842824,5.2553651357,1.79622988607
"612",612,"E09000027","E09000021",1659,5.17344471233,1.72813842824,5.19297634807,1.6682001149
"613",613,"E09000027","E09000022",18,5.17344471233,1.72813842824,5.30844721978,1.74356424635
"614",614,"E09000027","E09000023",5,5.17344471233,1.72813842824,5.37670434744,1.73980732066
"615",615,"E09000027","E09000024",216,5.17344471233,1.72813842824,5.25476210799,1.69422296196
"616",616,"E09000027","E09000027",8462,5.17344471233,1.72813842824,5.17344471233,1.72813842824
"617",617,"E09000027","E09000028",23,5.17344471233,1.72813842824,5.33820596448,1.76665801586
"618",618,"E09000027","E09000029",107,5.17344471233,1.72813842824,5.26976871363,1.64133903682
"619",619,"E09000027","E09000032",665,5.17344471233,1.72813842824,5.26113629998,1.74045077922
"620",620,"E09000027","E09000033",14,5.17344471233,1.72813842824,5.27686065085,1.81043733482
"621",621,"E09000028","E09000001",41,5.33820596448,1.76665801586,5.32479633543,1.81271833312
"622",622,"E09000028","E09000002",218,5.33820596448,1.76665801586,5.48040122277,1.85087790195
"623",623,"E09000028","E09000003",503,5.33820596448,1.76665801586,5.24027594903,1.92316339761
"624",624,"E09000028","E09000004",1503,5.33820596448,1.76665801586,5.48794417061,1.75487156077
"625",625,"E09000028","E09000005",763,5.33820596448,1.76665801586,5.20177868431,1.85829516116
"626",626,"E09000028","E09000006",1645,5.33820596448,1.76665801586,5.42895511607,1.6565552134
"627",627,"E09000028","E09000007",841,5.33820596448,1.76665801586,5.27864404456,1.84664064974
"628",628,"E09000028","E09000008",2353,5.33820596448,1.76665801586,5.33290153919,1.63541243574
"629",629,"E09000028","E09000009",316,5.33820596448,1.76665801586,5.1588793777,1.81715495617
"630",630,"E09000028","E09000010",583,5.33820596448,1.76665801586,5.32423971271,1.96420839194
"631",631,"E09000028","E09000011",3014,5.33820596448,1.76665801586,5.42908095038,1.76875739958
"632",632,"E09000028","E09000012",1467,5.33820596448,1.76665801586,5.34371595161,1.85485638333
"633",633,"E09000028","E09000013",442,5.33820596448,1.76665801586,5.23572679099,1.78944774634
"634",634,"E09000028","E09000014",1190,5.33820596448,1.76665801586,5.31200629303,1.89643397349
"635",635,"E09000028","E09000015",142,5.33820596448,1.76665801586,5.14986702776,1.90066843114
"636",636,"E09000028","E09000016",91,5.33820596448,1.76665801586,5.54049030356,1.8739202499
"637",637,"E09000028","E09000017",90,5.33820596448,1.76665801586,5.07889738619,1.83652822092
"638",638,"E09000028","E09000018",203,5.33820596448,1.76665801586,5.13515505536,1.7564322432
"639",639,"E09000028","E09000019",1804,5.33820596448,1.76665801586,5.31128892454,1.84980017254
"640",640,"E09000028","E09000020",517,5.33820596448,1.76665801586,5.2553651357,1.79622988607
"641",641,"E09000028","E09000021",179,5.33820596448,1.76665801586,5.19297634807,1.6682001149
"642",642,"E09000028","E09000022",5582,5.33820596448,1.76665801586,5.30844721978,1.74356424635
"643",643,"E09000028","E09000023",7074,5.33820596448,1.76665801586,5.37670434744,1.73980732066
"644",644,"E09000028","E09000024",778,5.33820596448,1.76665801586,5.25476210799,1.69422296196
"645",645,"E09000028","E09000025",1145,5.33820596448,1.76665801586,5.41357509122,1.83013203076
"646",646,"E09000028","E09000026",431,5.33820596448,1.76665801586,5.43914957882,1.8946500933
"647",647,"E09000028","E09000027",277,5.33820596448,1.76665801586,5.17344471233,1.72813842824
"648",648,"E09000028","E09000028",10869,5.33820596448,1.76665801586,5.33820596448,1.76665801586
"649",649,"E09000028","E09000029",294,5.33820596448,1.76665801586,5.26976871363,1.64133903682
"650",650,"E09000028","E09000030",1636,5.33820596448,1.76665801586,5.36398886041,1.8163420964
"651",651,"E09000028","E09000031",1000,5.33820596448,1.76665801586,5.37758137179,1.90223388304
"652",652,"E09000028","E09000032",2797,5.33820596448,1.76665801586,5.26113629998,1.74045077922
"653",653,"E09000028","E09000033",949,5.33820596448,1.76665801586,5.27686065085,1.81043733482
"654",654,"E09000029","E09000004",9,5.26976871363,1.64133903682,5.48794417061,1.75487156077
"655",655,"E09000029","E09000005",3,5.26976871363,1.64133903682,5.20177868431,1.85829516116
"656",656,"E09000029","E09000006",80,5.26976871363,1.64133903682,5.42895511607,1.6565552134
"657",657,"E09000029","E09000008",3743,5.26976871363,1.64133903682,5.33290153919,1.63541243574
"658",658,"E09000029","E09000009",3,5.26976871363,1.64133903682,5.1588793777,1.81715495617
"659",659,"E09000029","E09000010",4,5.26976871363,1.64133903682,5.32423971271,1.96420839194
"660",660,"E09000029","E09000011",40,5.26976871363,1.64133903682,5.42908095038,1.76875739958
"661",661,"E09000029","E09000018",16,5.26976871363,1.64133903682,5.13515505536,1.7564322432
"662",662,"E09000029","E09000021",147,5.26976871363,1.64133903682,5.19297634807,1.6682001149
"663",663,"E09000029","E09000022",210,5.26976871363,1.64133903682,5.30844721978,1.74356424635
"664",664,"E09000029","E09000023",51,5.26976871363,1.64133903682,5.37670434744,1.73980732066
"665",665,"E09000029","E09000024",1784,5.26976871363,1.64133903682,5.25476210799,1.69422296196
"666",666,"E09000029","E09000027",17,5.26976871363,1.64133903682,5.17344471233,1.72813842824
"667",667,"E09000029","E09000028",17,5.26976871363,1.64133903682,5.33820596448,1.76665801586
"668",668,"E09000029","E09000029",12840,5.26976871363,1.64133903682,5.26976871363,1.64133903682
"669",669,"E09000029","E09000031",6,5.26976871363,1.64133903682,5.37758137179,1.90223388304
"670",670,"E09000029","E09000032",158,5.26976871363,1.64133903682,5.26113629998,1.74045077922
"671",671,"E09000030","E09000001",137,5.36398886041,1.8163420964,5.32479633543,1.81271833312
"672",672,"E09000030","E09000002",1596,5.36398886041,1.8163420964,5.48040122277,1.85087790195
"673",673,"E09000030","E09000003",850,5.36398886041,1.8163420964,5.24027594903,1.92316339761
"674",674,"E09000030","E09000004",1811,5.36398886041,1.8163420964,5.48794417061,1.75487156077
"675",675,"E09000030","E09000005",722,5.36398886041,1.8163420964,5.20177868431,1.85829516116
"676",676,"E09000030","E09000006",2030,5.36398886041,1.8163420964,5.42895511607,1.6565552134
"677",677,"E09000030","E09000007",2093,5.36398886041,1.8163420964,5.27864404456,1.84664064974
"678",678,"E09000030","E09000008",848,5.36398886041,1.8163420964,5.33290153919,1.63541243574
"679",679,"E09000030","E09000009",200,5.36398886041,1.8163420964,5.1588793777,1.81715495617
"680",680,"E09000030","E09000010",597,5.36398886041,1.8163420964,5.32423971271,1.96420839194
"681",681,"E09000030","E09000011",4386,5.36398886041,1.8163420964,5.42908095038,1.76875739958
"682",682,"E09000030","E09000012",3246,5.36398886041,1.8163420964,5.34371595161,1.85485638333
"683",683,"E09000030","E09000013",751,5.36398886041,1.8163420964,5.23572679099,1.78944774634
"684",684,"E09000030","E09000014",962,5.36398886041,1.8163420964,5.31200629303,1.89643397349
"685",685,"E09000030","E09000015",407,5.36398886041,1.8163420964,5.14986702776,1.90066843114
"686",686,"E09000030","E09000016",721,5.36398886041,1.8163420964,5.54049030356,1.8739202499
"687",687,"E09000030","E09000017",51,5.36398886041,1.8163420964,5.07889738619,1.83652822092
"688",688,"E09000030","E09000018",326,5.36398886041,1.8163420964,5.13515505536,1.7564322432
"689",689,"E09000030","E09000019",2779,5.36398886041,1.8163420964,5.31128892454,1.84980017254
"690",690,"E09000030","E09000020",2167,5.36398886041,1.8163420964,5.2553651357,1.79622988607
"691",691,"E09000030","E09000021",187,5.36398886041,1.8163420964,5.19297634807,1.6682001149
"692",692,"E09000030","E09000022",3246,5.36398886041,1.8163420964,5.30844721978,1.74356424635
"693",693,"E09000030","E09000023",3147,5.36398886041,1.8163420964,5.37670434744,1.73980732066
"694",694,"E09000030","E09000024",211,5.36398886041,1.8163420964,5.25476210799,1.69422296196
"695",695,"E09000030","E09000025",7973,5.36398886041,1.8163420964,5.41357509122,1.83013203076
"696",696,"E09000030","E09000026",3452,5.36398886041,1.8163420964,5.43914957882,1.8946500933
"697",697,"E09000030","E09000027",277,5.36398886041,1.8163420964,5.17344471233,1.72813842824
"698",698,"E09000030","E09000028",4786,5.36398886041,1.8163420964,5.33820596448,1.76665801586
"699",699,"E09000030","E09000029",104,5.36398886041,1.8163420964,5.26976871363,1.64133903682
"700",700,"E09000030","E09000030",14720,5.36398886041,1.8163420964,5.36398886041,1.8163420964
"701",701,"E09000030","E09000031",2219,5.36398886041,1.8163420964,5.37758137179,1.90223388304
"702",702,"E09000030","E09000032",2688,5.36398886041,1.8163420964,5.26113629998,1.74045077922
"703",703,"E09000030","E09000033",2016,5.36398886041,1.8163420964,5.27686065085,1.81043733482
"704",704,"E09000031","E09000002",310,5.37758137179,1.90223388304,5.48040122277,1.85087790195
"705",705,"E09000031","E09000003",15,5.37758137179,1.90223388304,5.24027594903,1.92316339761
"706",706,"E09000031","E09000004",3,5.37758137179,1.90223388304,5.48794417061,1.75487156077
"707",707,"E09000031","E09000005",4,5.37758137179,1.90223388304,5.20177868431,1.85829516116
"708",708,"E09000031","E09000009",3,5.37758137179,1.90223388304,5.1588793777,1.81715495617
"709",709,"E09000031","E09000010",349,5.37758137179,1.90223388304,5.32423971271,1.96420839194
"710",710,"E09000031","E09000011",43,5.37758137179,1.90223388304,5.42908095038,1.76875739958
"711",711,"E09000031","E09000012",363,5.37758137179,1.90223388304,5.34371595161,1.85485638333
"712",712,"E09000031","E09000014",310,5.37758137179,1.90223388304,5.31200629303,1.89643397349
"713",713,"E09000031","E09000016",54,5.37758137179,1.90223388304,5.54049030356,1.8739202499
"714",714,"E09000031","E09000019",38,5.37758137179,1.90223388304,5.31128892454,1.84980017254
"715",715,"E09000031","E09000023",8,5.37758137179,1.90223388304,5.37670434744,1.73980732066
"716",716,"E09000031","E09000025",1502,5.37758137179,1.90223388304,5.41357509122,1.83013203076
"717",717,"E09000031","E09000026",1863,5.37758137179,1.90223388304,5.43914957882,1.8946500933
"718",718,"E09000031","E09000028",17,5.37758137179,1.90223388304,5.33820596448,1.76665801586
"719",719,"E09000031","E09000030",145,5.37758137179,1.90223388304,5.36398886041,1.8163420964
"720",720,"E09000031","E09000031",11398,5.37758137179,1.90223388304,5.37758137179,1.90223388304
"721",721,"E09000032","E09000002",13,5.26113629998,1.74045077922,5.48040122277,1.85087790195
"722",722,"E09000032","E09000003",14,5.26113629998,1.74045077922,5.24027594903,1.92316339761
"723",723,"E09000032","E09000004",66,5.26113629998,1.74045077922,5.48794417061,1.75487156077
"724",724,"E09000032","E09000005",94,5.26113629998,1.74045077922,5.20177868431,1.85829516116
"725",725,"E09000032","E09000006",129,5.26113629998,1.74045077922,5.42895511607,1.6565552134
"726",726,"E09000032","E09000007",36,5.26113629998,1.74045077922,5.27864404456,1.84664064974
"727",727,"E09000032","E09000008",2489,5.26113629998,1.74045077922,5.33290153919,1.63541243574
"728",728,"E09000032","E09000009",135,5.26113629998,1.74045077922,5.1588793777,1.81715495617
"729",729,"E09000032","E09000010",6,5.26113629998,1.74045077922,5.32423971271,1.96420839194
"730",730,"E09000032","E09000011",183,5.26113629998,1.74045077922,5.42908095038,1.76875739958
"731",731,"E09000032","E09000012",60,5.26113629998,1.74045077922,5.34371595161,1.85485638333
"732",732,"E09000032","E09000013",496,5.26113629998,1.74045077922,5.23572679099,1.78944774634
"733",733,"E09000032","E09000014",36,5.26113629998,1.74045077922,5.31200629303,1.89643397349
"734",734,"E09000032","E09000015",16,5.26113629998,1.74045077922,5.14986702776,1.90066843114
"735",735,"E09000032","E09000017",17,5.26113629998,1.74045077922,5.07889738619,1.83652822092
"736",736,"E09000032","E09000018",113,5.26113629998,1.74045077922,5.13515505536,1.7564322432
"737",737,"E09000032","E09000019",47,5.26113629998,1.74045077922,5.31128892454,1.84980017254
"738",738,"E09000032","E09000020",177,5.26113629998,1.74045077922,5.2553651357,1.79622988607
"739",739,"E09000032","E09000021",801,5.26113629998,1.74045077922,5.19297634807,1.6682001149
"740",740,"E09000032","E09000022",4830,5.26113629998,1.74045077922,5.30844721978,1.74356424635
"741",741,"E09000032","E09000023",557,5.26113629998,1.74045077922,5.37670434744,1.73980732066
"742",742,"E09000032","E09000024",5174,5.26113629998,1.74045077922,5.25476210799,1.69422296196
"743",743,"E09000032","E09000025",46,5.26113629998,1.74045077922,5.41357509122,1.83013203076
"744",744,"E09000032","E09000027",440,5.26113629998,1.74045077922,5.17344471233,1.72813842824
"745",745,"E09000032","E09000028",1233,5.26113629998,1.74045077922,5.33820596448,1.76665801586
"746",746,"E09000032","E09000029",1677,5.26113629998,1.74045077922,5.26976871363,1.64133903682
"747",747,"E09000032","E09000030",54,5.26113629998,1.74045077922,5.36398886041,1.8163420964
"748",748,"E09000032","E09000031",34,5.26113629998,1.74045077922,5.37758137179,1.90223388304
"749",749,"E09000032","E09000032",10155,5.26113629998,1.74045077922,5.26113629998,1.74045077922
"750",750,"E09000032","E09000033",209,5.26113629998,1.74045077922,5.27686065085,1.81043733482
"751",751,"E09000033","E09000001",262,5.27686065085,1.81043733482,5.32479633543,1.81271833312
"752",752,"E09000033","E09000002",1520,5.27686065085,1.81043733482,5.48040122277,1.85087790195
"753",753,"E09000033","E09000003",13312,5.27686065085,1.81043733482,5.24027594903,1.92316339761
"754",754,"E09000033","E09000004",3924,5.27686065085,1.81043733482,5.48794417061,1.75487156077
"755",755,"E09000033","E09000005",14564,5.27686065085,1.81043733482,5.20177868431,1.85829516116
"756",756,"E09000033","E09000006",6540,5.27686065085,1.81043733482,5.42895511607,1.6565552134
"757",757,"E09000033","E09000007",13229,5.27686065085,1.81043733482,5.27864404456,1.84664064974
"758",758,"E09000033","E09000008",7472,5.27686065085,1.81043733482,5.33290153919,1.63541243574
"759",759,"E09000033","E09000009",9304,5.27686065085,1.81043733482,5.1588793777,1.81715495617
"760",760,"E09000033","E09000010",5071,5.27686065085,1.81043733482,5.32423971271,1.96420839194
"761",761,"E09000033","E09000011",6911,5.27686065085,1.81043733482,5.42908095038,1.76875739958
"762",762,"E09000033","E09000012",9411,5.27686065085,1.81043733482,5.34371595161,1.85485638333
"763",763,"E09000033","E09000013",13667,5.27686065085,1.81043733482,5.23572679099,1.78944774634
"764",764,"E09000033","E09000014",11148,5.27686065085,1.81043733482,5.31200629303,1.89643397349
"765",765,"E09000033","E09000015",3051,5.27686065085,1.81043733482,5.14986702776,1.90066843114
"766",766,"E09000033","E09000016",1198,5.27686065085,1.81043733482,5.54049030356,1.8739202499
"767",767,"E09000033","E09000017",2101,5.27686065085,1.81043733482,5.07889738619,1.83652822092
"768",768,"E09000033","E09000018",5295,5.27686065085,1.81043733482,5.13515505536,1.7564322432
"769",769,"E09000033","E09000019",10697,5.27686065085,1.81043733482,5.31128892454,1.84980017254
"770",770,"E09000033","E09000020",12790,5.27686065085,1.81043733482,5.2553651357,1.79622988607
"771",771,"E09000033","E09000021",2839,5.27686065085,1.81043733482,5.19297634807,1.6682001149
"772",772,"E09000033","E09000022",21573,5.27686065085,1.81043733482,5.30844721978,1.74356424635
"773",773,"E09000033","E09000023",11346,5.27686065085,1.81043733482,5.37670434744,1.73980732066
"774",774,"E09000033","E09000024",5167,5.27686065085,1.81043733482,5.25476210799,1.69422296196
"775",775,"E09000033","E09000025",6943,5.27686065085,1.81043733482,5.41357509122,1.83013203076
"776",776,"E09000033","E09000026",3233,5.27686065085,1.81043733482,5.43914957882,1.8946500933
"777",777,"E09000033","E09000027",4804,5.27686065085,1.81043733482,5.17344471233,1.72813842824
"778",778,"E09000033","E09000028",15123,5.27686065085,1.81043733482,5.33820596448,1.76665801586
"779",779,"E09000033","E09000029",2058,5.27686065085,1.81043733482,5.26976871363,1.64133903682
"780",780,"E09000033","E09000030",9097,5.27686065085,1.81043733482,5.36398886041,1.8163420964
"781",781,"E09000033","E09000031",7621,5.27686065085,1.81043733482,5.37758137179,1.90223388304
"782",782,"E09000033","E09000032",22326,5.27686065085,1.81043733482,5.26113629998,1.74045077922
"783",783,"E09000033","E09000033",16740,5.27686065085,1.81043733482,5.27686065085,1.81043733482
